date,ita,brent
2007-08-01,26.122331619262695,75.3499984741211
2007-08-02,26.628263473510742,75.76000213623047
2007-08-03,26.14662742614746,74.75
2007-08-06,26.442079544067383,71.16999816894531
2007-08-07,26.446134567260742,71.80000305175781
2007-08-08,26.49064826965332,70.98999786376953
2007-08-09,25.636642456054688,70.20999908447266
2007-08-10,26.04947853088379,70.38999938964844
2007-08-13,26.15471076965332,70.2300033569336
2007-08-14,25.397838592529297,70.51000213623047
2007-08-15,24.93238639831543,71.63999938964844
2007-08-16,24.90809440612793,69.7699966430664
2007-08-17,25.67306137084961,70.44000244140625
2007-08-20,25.830917358398438,69.8499984741211
2007-08-21,25.778297424316406,68.69000244140625
2007-08-22,26.195188522338867,68.69999694824219
2007-08-23,25.89567756652832,69.86000061035156
2007-08-24,26.41375732421875,70.62000274658203
2007-08-27,26.373279571533203,70.94999694824219
2007-08-28,25.507122039794922,70.55000305175781
2007-08-29,26.13043212890625,72.12999725341797
2007-08-30,26.122331619262695,71.9000015258789
2007-08-31,26.34494400024414,72.69000244140625
2007-09-04,26.442079544067383,73.91999816894531
2007-09-05,26.170909881591797,74.33999633789062
2007-09-06,26.316614151000977,74.7699966430664
2007-09-07,25.960430145263672,75.06999969482422
2007-09-10,25.988765716552734,75.4800033569336
2007-09-11,26.36922836303711,76.37999725341797
2007-09-12,26.405654907226562,77.68000030517578
2007-09-13,26.478513717651367,77.12000274658203
2007-09-14,26.717321395874023,76.22000122070312
2007-09-17,26.531126022338867,76.9800033569336
2007-09-18,27.15848159790039,77.58999633789062
2007-09-19,27.328474044799805,78.47000122070312
2007-09-20,27.47015953063965,79.08999633789062
2007-09-21,27.65633201599121,79.30000305175781
2007-09-24,27.559181213378906,78.91000366210938
2007-09-25,27.946847915649414,77.62000274658203
2007-09-26,28.20206069946289,77.43000030517578
2007-09-27,28.31142234802246,80.02999877929688
2007-09-28,28.206113815307617,79.16999816894531
2007-10-01,28.72866439819336,77.63999938964844
2007-10-02,28.57878875732422,77.37999725341797
2007-10-03,28.364091873168945,77.37999725341797
2007-10-04,28.590927124023438,78.97000122070312
2007-10-05,28.761066436767578,78.9000015258789
2007-10-08,28.72057342529297,76.58000183105469
2007-10-09,29.0527400970459,77.48999786376953
2007-10-10,28.68410301208496,78.5999984741211
2007-10-11,28.45726776123047,80.1500015258789
2007-10-12,28.74485969543457,80.55000305175781
2007-10-15,28.351938247680664,82.75
2007-10-16,28.404611587524414,83.55000305175781
2007-10-17,28.33167839050293,83.12999725341797
2007-10-18,28.424854278564453,84.5999984741211
2007-10-19,27.598478317260742,83.79000091552734
2007-10-22,27.849620819091797,83.2699966430664
2007-10-23,28.193958282470703,82.8499984741211
2007-10-24,28.262826919555664,84.37000274658203
2007-10-25,28.554489135742188,87.4800033569336
2007-10-26,28.45726776123047,88.69000244140625
2007-10-29,28.558528900146484,90.31999969482422
2007-10-30,28.351938247680664,87.44000244140625
2007-10-31,28.748920440673828,90.62999725341797
2007-11-01,28.274974822998047,89.72000122070312
2007-11-02,28.590927124023438,92.08000183105469
2007-11-05,28.586894989013672,90.48999786376953
2007-11-06,29.024385452270508,93.26000213623047
2007-11-07,28.376245498657227,93.23999786376953
2007-11-08,28.31954002380371,92.79000091552734
2007-11-09,27.906352996826172,93.18000030517578
2007-11-12,27.505325317382812,91.9800033569336
2007-11-13,28.108877182006836,88.83000183105469
2007-11-14,27.906352996826172,91.36000061035156
2007-11-15,27.51340103149414,90.2300033569336
2007-11-16,27.50935935974121,91.62000274658203
2007-11-19,27.124536514282227,92.27999877929688
2007-11-20,27.088058471679688,95.48999786376953
2007-11-21,26.77210807800293,94.83999633789062
2007-11-23,27.266315460205078,95.76000213623047
2007-11-26,26.966537475585938,95.31999969482422
2007-11-27,27.355422973632812,92.5199966430664
2007-11-28,28.189908981323242,89.80999755859375
2007-11-29,28.0643253326416,90.22000122070312
2007-11-30,27.869884490966797,88.26000213623047
2007-12-03,28.031923294067383,89.80000305175781
2007-12-04,27.90228271484375,89.52999877929688
2007-12-05,28.266868591308594,88.48999786376953
2007-12-06,28.49776268005371,90.18000030517578
2007-12-07,28.64765167236328,88.63999938964844
2007-12-10,28.631450653076172,88.04000091552734
2007-12-11,27.675447463989258,89.98999786376953
2007-12-12,27.813188552856445,94.0199966430664
2007-12-13,27.967103958129883,92.12000274658203
2007-12-14,27.78481101989746,91.69000244140625
2007-12-17,27.16098976135254,91.29000091552734
2007-12-18,27.37567710876465,90.12000274658203
2007-12-19,27.24199676513672,91.4800033569336
2007-12-20,27.40403938293457,90.87999725341797
2007-12-21,27.95090675354004,92.45999908447266
2007-12-24,28.283079147338867,92.69999694824219
2007-12-26,28.279022216796875,93.94000244140625
2007-12-27,27.79302215576172,94.77999877929688
2007-12-28,27.720003128051758,93.87999725341797
2007-12-31,27.55771827697754,93.8499984741211
2008-01-02,27.042510986328125,97.83999633789062
2008-01-03,27.358938217163086,97.5999984741211
2008-01-04,26.746368408203125,96.79000091552734
2008-01-07,26.29606056213379,94.38999938964844
2008-01-08,25.423851013183594,95.54000091552734
2008-01-09,25.77680206298828,94.37000274658203
2008-01-10,26.04453468322754,92.22000122070312
2008-01-11,25.594234466552734,91.06999969482422
2008-01-14,25.720001220703125,92.91999816894531
2008-01-15,25.28186798095703,90.9800033569336
2008-01-16,25.1926212310791,89.5
2008-01-17,24.28390121459961,88.75
2008-01-18,24.23116111755371,89.2300033569336
2008-01-22,23.853883743286133,88.44999694824219
2008-01-23,23.999923706054688,86.62000274658203
2008-01-24,24.51513671875,89.06999969482422
2008-01-25,24.43805503845215,90.9000015258789
2008-01-28,24.559757232666016,91.37999725341797
2008-01-29,24.904582977294922,92.0
2008-01-30,24.884309768676758,92.52999877929688
2008-01-31,25.237241744995117,92.20999908447266
2008-02-01,25.728118896484375,89.44000244140625
2008-02-04,25.703763961791992,90.4000015258789
2008-02-05,25.079036712646484,88.81999969482422
2008-02-06,24.746374130249023,87.77999877929688
2008-02-07,24.823450088500977,88.51000213623047
2008-02-08,24.74232292175293,91.94000244140625
2008-02-11,25.001956939697266,93.52999877929688
2008-02-12,25.168277740478516,92.86000061035156
2008-02-13,25.74434471130371,93.31999969482422
2008-02-14,25.363006591796875,95.16000366210938
2008-02-15,25.09931182861328,94.62999725341797
2008-02-19,25.26158905029297,98.55999755859375
2008-02-20,25.237241744995117,98.41999816894531
2008-02-21,24.790996551513672,96.23999786376953
2008-02-22,24.949216842651367,97.01000213623047
2008-02-25,25.338665008544922,97.69000244140625
2008-02-26,25.346782684326172,99.47000122070312
2008-02-27,25.273757934570312,98.2699966430664
2008-02-28,25.06686019897461,100.9000015258789
2008-02-29,24.46239471435547,100.0999984741211
2008-03-03,24.527307510375977,100.4800033569336
2008-03-04,24.312299728393555,97.5199966430664
2008-03-05,24.559757232666016,101.63999938964844
2008-03-06,24.214933395385742,102.61000061035156
2008-03-07,23.882278442382812,102.37999725341797
2008-03-10,23.298099517822266,104.16000366210938
2008-03-11,23.776811599731445,105.25
2008-03-12,23.67131996154785,106.2699966430664
2008-03-13,23.910675048828125,107.54000091552734
2008-03-14,23.622636795043945,106.19999694824219
2008-03-17,23.41575050354004,101.75
2008-03-18,24.081056594848633,105.55999755859375
2008-03-19,23.60641860961914,100.72000122070312
2008-03-20,23.663211822509766,100.37999725341797
2008-03-24,24.08917999267578,99.86000061035156
2008-03-25,24.28904914855957,100.5999984741211
2008-03-26,24.244359970092773,103.98999786376953
2008-03-27,23.988433837890625,105.0
2008-03-28,23.955928802490234,103.7699966430664
2008-03-31,23.996551513671875,100.30000305175781
2008-04-01,24.76028823852539,100.16999816894531
2008-04-02,24.80496597290039,103.75
2008-04-03,24.73184585571289,102.5199966430664
2008-04-04,24.89433479309082,104.9000015258789
2008-04-07,24.821210861206055,107.13999938964844
2008-04-08,24.76028823852539,106.33999633789062
2008-04-09,24.963401794433594,108.47000122070312
2008-04-10,25.109649658203125,108.19999694824219
2008-04-11,24.536853790283203,108.75
2008-04-14,24.51653480529785,109.83999633789062
2008-04-15,24.284984588623047,111.58000183105469
2008-04-16,24.878093719482422,112.66000366210938
2008-04-17,24.646526336669922,112.43000030517578
2008-04-18,25.22745704650879,113.91999816894531
2008-04-21,25.190893173217773,114.43000030517578
2008-04-22,24.8577823638916,115.94999694824219
2008-04-23,25.25589370727539,116.45999908447266
2008-04-24,25.66619110107422,114.33999633789062
2008-04-25,26.011507034301758,116.33999633789062
2008-04-28,25.991186141967773,116.73999786376953
2008-04-29,25.942434310913086,113.43000030517578
2008-04-30,25.893692016601562,111.36000061035156
2008-05-01,26.295867919921875,110.5
2008-05-02,26.377117156982422,114.55999755859375
2008-05-05,26.287742614746094,117.98999786376953
2008-05-06,26.462425231933594,120.30999755859375
2008-05-07,26.060245513916016,122.31999969482422
2008-05-08,26.234933853149414,122.83999633789062
2008-05-09,26.088685989379883,125.4000015258789
2008-05-12,26.42992401123047,122.91000366210938
2008-05-13,26.628997802734375,124.0999984741211
2008-05-14,26.73866844177246,121.86000061035156
2008-05-15,26.856477737426758,122.62999725341797
2008-05-16,26.649301528930664,124.98999786376953
2008-05-19,26.925548553466797,125.05999755859375
2008-05-20,26.584299087524414,127.83999633789062
2008-05-21,25.86931610107422,132.6999969482422
2008-05-22,25.800260543823242,130.50999450683594
2008-05-23,25.60525894165039,131.57000732421875
2008-05-27,25.81243896484375,128.30999755859375
2008-05-28,25.85306739807129,130.92999267578125
2008-05-29,25.889625549316406,126.88999938964844
2008-05-30,26.312116622924805,127.77999877929688
2008-06-02,26.023677825927734,128.02000427246094
2008-06-03,25.487455368041992,124.58000183105469
2008-06-04,25.251832962036133,122.0999984741211
2008-06-05,25.389949798583984,127.54000091552734
2008-06-06,24.248422622680664,137.69000244140625
2008-06-09,24.150930404663086,133.91000366210938
2008-06-10,23.939680099487305,131.02000427246094
2008-06-11,23.574066162109375,135.02000427246094
2008-06-12,23.728437423706055,136.08999633789062
2008-06-13,24.065614700317383,135.11000061035156
2008-06-16,24.053424835205078,134.7100067138672
2008-06-17,23.801565170288086,133.72000122070312
2008-06-18,23.683748245239258,136.44000244140625
2008-06-19,24.13467788696289,132.0
2008-06-20,23.773130416870117,134.86000061035156
2008-06-23,23.821863174438477,135.91000366210938
2008-06-24,23.695941925048828,136.4600067138672
2008-06-25,23.045452117919922,134.3300018310547
2008-06-26,22.362024307250977,139.8300018310547
2008-06-27,22.166759490966797,140.30999755859375
2008-06-30,22.065065383911133,139.8300018310547
2008-07-01,22.166759490966797,140.6699981689453
2008-07-02,21.63384437561035,144.25999450683594
2008-07-03,21.829113006591797,146.0800018310547
2008-07-07,21.804702758789062,141.8699951171875
2008-07-08,22.43931770324707,136.42999267578125
2008-07-09,22.065065383911133,136.5800018310547
2008-07-10,22.27252197265625,142.02999877929688
2008-07-11,21.833179473876953,144.49000549316406
2008-07-14,21.78030014038086,143.9199981689453
2008-07-15,21.56468963623047,138.75
2008-07-16,22.187097549438477,135.80999755859375
2008-07-17,22.28472900390625,131.07000732421875
2008-07-18,22.40677261352539,130.19000244140625
2008-07-21,22.4149112701416,132.61000061035156
2008-07-22,22.980371475219727,129.5500030517578
2008-07-23,23.20817756652832,125.29000091552734
2008-07-24,22.589834213256836,126.44000244140625
2008-07-25,23.025110244750977,124.5199966430664
2008-07-28,22.581693649291992,125.83999633789062
2008-07-29,23.122751235961914,122.70999908447266
2008-07-30,23.252927780151367,127.0999984741211
2008-07-31,22.90713882446289,123.9800033569336
2008-08-01,22.927486419677734,124.18000030517578
2008-08-04,22.82577896118164,120.68000030517578
2008-08-05,23.423784255981445,117.69999694824219
2008-08-06,23.529560089111328,117.0
2008-08-07,23.28953742980957,117.86000061035156
2008-08-08,24.111278533935547,113.33000183105469
2008-08-11,24.15196418762207,112.66999816894531
2008-08-12,24.13569450378418,111.1500015258789
2008-08-13,24.05433464050293,113.47000122070312
2008-08-14,24.15196418762207,113.68000030517578
2008-08-15,24.343154907226562,112.55000305175781
2008-08-18,24.095008850097656,111.94000244140625
2008-08-19,23.724824905395508,113.25
2008-08-20,23.623117446899414,114.36000061035156
2008-08-21,23.44412612915039,120.16000366210938
2008-08-22,23.80211067199707,113.91999816894531
2008-08-25,23.43598747253418,114.02999877929688
2008-08-26,23.51735496520996,114.62999725341797
2008-08-27,23.65973663330078,116.22000122070312
2008-08-28,24.298412322998047,114.16999816894531
2008-08-29,23.964834213256836,114.05000305175781
2008-09-02,24.05433464050293,108.33999633789062
2008-09-03,24.009571075439453,108.05999755859375
2008-09-04,23.20410919189453,106.30000305175781
2008-09-05,23.256994247436523,104.08999633789062
2008-09-08,23.501073837280273,103.44000244140625
2008-09-09,23.126811981201172,100.33999633789062
2008-09-10,22.837976455688477,98.97000122070312
2008-09-11,23.10647201538086,97.63999938964844
2008-09-12,23.338348388671875,97.58000183105469
2008-09-15,22.642717361450195,94.23999786376953
2008-09-16,22.569494247436523,89.22000122070312
2008-09-17,21.450786590576172,94.83999633789062
2008-09-18,22.25625228881836,95.19000244140625
2008-09-19,22.61425018310547,99.61000061035156
2008-09-22,21.995906829833984,106.04000091552734
2008-09-23,21.617572784423828,103.08000183105469
2008-09-24,21.39130210876465,102.44999694824219
2008-09-25,21.48914909362793,104.5999984741211
2008-09-26,21.456541061401367,103.54000091552734
2008-09-29,20.39247703552246,93.9800033569336
2008-09-30,20.767553329467773,98.16999816894531
2008-10-01,20.461780548095703,95.33000183105469
2008-10-02,19.45071792602539,90.55999755859375
2008-10-03,19.214265823364258,90.25
2008-10-06,18.500812530517578,83.68000030517578
2008-10-07,17.83220672607422,84.66000366210938
2008-10-08,17.428590774536133,84.36000061035156
2008-10-09,16.401222229003906,82.66000366210938
2008-10-10,15.89976978302002,74.08999633789062
2008-10-13,17.485666275024414,77.45999908447266
2008-10-14,17.5101318359375,74.52999877929688
2008-10-15,15.985390663146973,70.80000305175781
2008-10-16,16.914905548095703,
2008-10-17,16.747766494750977,69.5999984741211
2008-10-20,17.147293090820312,72.02999877929688
2008-10-21,16.552064895629883,69.72000122070312
2008-10-22,15.834537506103516,64.5199966430664
2008-10-23,16.02615737915039,65.91999816894531
2008-10-24,15.508386611938477,62.04999923706055
2008-10-27,14.737863540649414,61.40999984741211
2008-10-28,16.30746078491211,60.290000915527344
2008-10-29,16.67845344543457,65.47000122070312
2008-10-30,17.38374900817871,63.709999084472656
2008-10-31,17.77105712890625,65.31999969482422
2008-11-03,17.81181526184082,60.47999954223633
2008-11-04,18.402957916259766,66.44000244140625
2008-11-05,17.342979431152344,61.869998931884766
2008-11-06,16.388994216918945,57.43000030517578
2008-11-07,16.56838035583496,57.349998474121094
2008-11-10,16.52760887145996,59.08000183105469
2008-11-11,16.107688903808594,55.709999084472656
2008-11-12,15.386093139648438,52.369998931884766
2008-11-13,16.128076553344727,
2008-11-14,15.369779586791992,54.2400016784668
2008-11-17,15.068082809448242,52.310001373291016
2008-11-18,15.019166946411133,51.84000015258789
2008-11-19,14.105952262878418,51.720001220703125
2008-11-20,13.52703857421875,48.08000183105469
2008-11-21,14.472861289978027,49.189998626708984
2008-11-24,15.027318954467773,53.93000030517578
2008-11-25,14.966166496276855,50.349998474121094
2008-11-26,15.58584976196289,53.91999816894531
2008-11-28,16.009841918945312,53.4900016784668
2008-12-01,14.823485374450684,47.970001220703125
2008-12-02,15.40239143371582,45.439998626708984
2008-12-03,15.593998908996582,45.439998626708984
2008-12-04,15.117012977600098,42.279998779296875
2008-12-05,15.553236961364746,39.7400016784668
2008-12-08,16.164758682250977,43.41999816894531
2008-12-09,15.944620132446289,41.529998779296875
2008-12-10,16.042461395263672,42.400001525878906
2008-12-11,15.48392391204834,47.38999938964844
2008-12-12,15.753006935119629,46.40999984741211
2008-12-15,15.439079284667969,44.599998474121094
2008-12-16,16.246299743652344,
2008-12-17,16.262611389160156,45.529998779296875
2008-12-18,16.18106460571289,43.36000061035156
2008-12-19,16.287067413330078,44.0
2008-12-22,16.136234283447266,41.45000076293945
2008-12-23,15.810197830200195,40.36000061035156
2008-12-24,15.908499717712402,36.61000061035156
2008-12-26,16.101009368896484,38.369998931884766
2008-12-29,15.8798246383667,40.54999923706055
2008-12-30,16.39181137084961,40.150001525878906
2008-12-31,16.90789031982422,45.59000015258789
2009-01-02,17.526384353637695,46.90999984741211
2009-01-05,17.583724975585938,49.619998931884766
2009-01-06,17.87454605102539,50.529998779296875
2009-01-07,17.45675277709961,45.86000061035156
2009-01-08,17.477231979370117,44.66999816894531
2009-01-09,17.157745361328125,44.41999816894531
2009-01-12,16.90789031982422,42.90999984741211
2009-01-13,16.64166831970215,44.83000183105469
2009-01-14,16.289419174194336,45.08000183105469
2009-01-15,16.342670440673828,
2009-01-16,16.760448455810547,46.56999969482422
2009-01-20,16.072336196899414,43.619998931884766
2009-01-21,16.625282287597656,45.02000045776367
2009-01-22,16.514690399169922,45.38999938964844
2009-01-23,16.375429153442383,48.369998931884766
2009-01-26,16.63347053527832,46.959999084472656
2009-01-27,16.739959716796875,43.72999954223633
2009-01-28,17.141361236572266,44.900001525878906
2009-01-29,16.535173416137695,45.400001525878906
2009-01-30,16.440963745117188,45.880001068115234
2009-02-02,16.12967300415039,43.81999969482422
2009-02-03,16.342670440673828,44.08000183105469
2009-02-04,16.31808853149414,44.150001525878906
2009-02-05,16.48192596435547,46.459999084472656
2009-02-06,16.53107452392578,46.209999084472656
2009-02-09,16.715389251708984,46.02000045776367
2009-02-10,15.978124618530273,44.61000061035156
2009-02-11,15.949454307556152,44.279998779296875
2009-02-12,15.96993637084961,
2009-02-13,16.1419620513916,46.2599983215332
2009-02-17,15.49481201171875,42.45000076293945
2009-02-18,15.392416954040527,40.75
2009-02-19,15.310495376586914,43.279998779296875
2009-02-20,14.929574966430664,43.13999938964844
2009-02-23,14.253752708435059,42.36000061035156
2009-02-24,14.593710899353027,43.84000015258789
2009-02-25,14.077630043029785,45.41999816894531
2009-02-26,13.717190742492676,47.61000061035156
2009-02-27,13.2830171585083,47.20000076293945
2009-03-02,12.406497955322266,43.15999984741211
2009-03-03,12.218087196350098,44.560001373291016
2009-03-04,12.500703811645508,46.9900016784668
2009-03-05,11.898605346679688,44.779998779296875
2009-03-06,11.857647895812988,45.939998626708984
2009-03-09,11.70200252532959,45.349998474121094
2009-03-10,12.291810035705566,45.150001525878906
2009-03-11,12.312292098999023,42.54999923706055
2009-03-12,12.67682933807373,46.20000076293945
2009-03-13,12.721880912780762,45.880001068115234
2009-03-16,12.947157859802246,46.459999084472656
2009-03-17,13.197007179260254,48.2400016784668
2009-03-18,13.426379203796387,47.65999984741211
2009-03-19,13.254348754882812,50.66999816894531
2009-03-20,13.000402450561523,51.220001220703125
2009-03-23,13.807296752929688,53.470001220703125
2009-03-24,13.676231384277344,53.5
2009-03-25,13.919524192810059,51.75
2009-03-26,14.609952926635742,53.459999084472656
2009-03-27,14.268844604492188,51.97999954223633
2009-03-30,13.693486213684082,47.9900016784668
2009-03-31,13.779794692993164,49.22999954223633
2009-04-01,13.95651626586914,48.439998626708984
2009-04-02,14.511319160461426,52.75
2009-04-03,14.453782081604004,53.470001220703125
2009-04-06,14.963390350341797,52.2400016784668
2009-04-07,14.63460636138916,51.220001220703125
2009-04-08,14.688029289245605,51.59000015258789
2009-04-09,15.460661888122559,54.060001373291016
2009-04-13,15.205855369567871,52.13999938964844
2009-04-14,14.94694709777832,51.959999084472656
2009-04-15,15.160646438598633,
2009-04-16,15.678471565246582,
2009-04-17,15.744224548339844,
2009-04-20,15.164756774902344,
2009-04-21,15.423666000366211,
2009-04-22,15.62915325164795,
2009-04-23,15.937378883361816,
2009-04-24,16.19629669189453,
2009-04-27,16.048341751098633,
2009-04-28,15.916825294494629,
2009-04-29,16.381227493286133,
2009-04-30,16.204513549804688,
2009-05-01,16.451095581054688,52.849998474121094
2009-05-04,16.763427734375,54.58000183105469
2009-05-05,16.83740234375,54.119998931884766
2009-05-06,16.98124885559082,56.150001525878906
2009-05-07,16.759319305419922,56.470001220703125
2009-05-08,17.470287322998047,58.13999938964844
2009-05-11,17.046998977661133,57.47999954223633
2009-05-12,17.010013580322266,57.939998626708984
2009-05-13,16.496301651000977,57.34000015258789
2009-05-14,16.652467727661133,
2009-05-15,16.52506446838379,55.97999954223633
2009-05-18,16.985355377197266,58.470001220703125
2009-05-19,17.03468132019043,58.91999816894531
2009-05-20,17.063432693481445,60.59000015258789
2009-05-21,16.668912887573242,59.93000030517578
2009-05-22,16.656579971313477,60.779998779296875
2009-05-26,17.162067413330078,61.2400016784668
2009-05-27,16.9606876373291,62.5
2009-05-28,17.219600677490234,64.38999938964844
2009-05-29,17.252485275268555,65.5199966430664
2009-06-01,18.02510643005371,67.97000122070312
2009-06-02,18.164827346801758,68.16999816894531
2009-06-03,17.881258010864258,65.87999725341797
2009-06-04,18.33333396911621,68.70999908447266
2009-06-05,18.7730712890625,68.33999633789062
2009-06-08,18.641557693481445,67.87999725341797
2009-06-09,18.39908790588379,69.62000274658203
2009-06-10,18.33744239807129,70.80000305175781
2009-06-11,18.094966888427734,71.79000091552734
2009-06-12,18.230588912963867,70.91999816894531
2009-06-15,17.774410247802734,69.44000244140625
2009-06-16,17.536046981811523,70.23999786376953
2009-06-17,17.548383712768555,70.8499984741211
2009-06-18,17.688112258911133,71.05999755859375
2009-06-19,17.60591697692871,69.19000244140625
2009-06-22,17.219600677490234,66.9800033569336
2009-06-23,16.779863357543945,68.80000305175781
2009-06-24,16.559629440307617,68.33000183105469
2009-06-25,16.90195083618164,69.77999877929688
2009-06-26,16.811206817626953,68.91999816894531
2009-06-29,17.033931732177734,70.98999786376953
2009-06-30,16.82358741760254,69.30000305175781
2009-07-01,16.844215393066406,68.79000091552734
2009-07-02,16.24616241455078,66.6500015258789
2009-07-06,16.196666717529297,64.05000305175781
2009-07-07,15.763599395751953,63.22999954223633
2009-07-08,15.767736434936523,60.43000030517578
2009-07-09,15.71411418914795,61.099998474121094
2009-07-10,15.813096046447754,60.52000045776367
2009-07-13,16.147171020507812,60.689998626708984
2009-07-14,16.411136627197266,60.86000061035156
2009-07-15,16.868953704833984,63.09000015258789
2009-07-16,17.128795623779297,
2009-07-17,16.97618865966797,65.37999725341797
2009-07-20,17.240158081054688,66.44000244140625
2009-07-21,17.1494197845459,66.87000274658203
2009-07-22,17.116422653198242,67.20999908447266
2009-07-23,17.178285598754883,69.25
2009-07-24,17.075170516967773,70.31999969482422
2009-07-27,16.96794319152832,70.80999755859375
2009-07-28,17.083423614501953,69.87999725341797
2009-07-29,17.145294189453125,66.52999877929688
2009-07-30,17.405132293701172,70.11000061035156
2009-07-31,17.35976219177246,71.69999694824219
2009-08-03,17.697965621948242,73.55000305175781
2009-08-04,17.821699142456055,74.27999877929688
2009-08-05,17.627845764160156,75.51000213623047
2009-08-06,17.76807975769043,74.83000183105469
2009-08-07,18.102157592773438,73.58999633789062
2009-08-10,17.937192916870117,73.5
2009-08-11,17.730966567993164,72.45999908447266
2009-08-12,18.18877410888672,72.88999938964844
2009-08-13,18.126907348632812,73.4800033569336
2009-08-14,17.871196746826172,72.41000366210938
2009-08-17,17.516490936279297,70.54000091552734
2009-08-18,17.578353881835938,72.37000274658203
2009-08-19,17.640226364135742,74.58999633789062
2009-08-20,17.82994842529297,73.33000183105469
2009-08-21,18.296009063720703,74.19000244140625
2009-08-24,18.407365798950195,74.26000213623047
2009-08-25,18.411500930786133,71.81999969482422
2009-08-26,18.374374389648438,71.6500015258789
2009-08-27,18.74969482421875,72.51000213623047
2009-08-28,18.621841430664062,72.79000091552734
2009-08-31,18.4486141204834,69.6500015258789
2009-09-01,18.287755966186523,67.7300033569336
2009-09-02,18.197019577026367,67.66000366210938
2009-09-03,18.31250762939453,67.12000274658203
2009-09-04,18.663087844848633,66.81999969482422
2009-09-08,18.85280990600586,69.41999816894531
2009-09-09,19.042531967163086,69.83000183105469
2009-09-10,19.215768814086914,69.86000061035156
2009-09-11,19.40135955810547,67.69000244140625
2009-09-14,19.417861938476562,67.44000244140625
2009-09-15,19.529220581054688,
2009-09-16,19.68181037902832,71.66999816894531
2009-09-17,19.958158493041992,71.55000305175781
2009-09-18,20.098388671875,71.31999969482422
2009-09-21,19.9622859954834,68.69000244140625
2009-09-22,20.06151008605957,70.52999877929688
2009-09-23,19.995361328125,67.98999786376953
2009-09-24,19.652177810668945,64.81999969482422
2009-09-25,19.5446834564209,65.11000061035156
2009-09-28,19.904394149780273,65.54000091552734
2009-09-29,20.057371139526367,65.48999786376953
2009-09-30,19.867183685302734,69.06999969482422
2009-10-01,19.354476928710938,69.19000244140625
2009-10-02,19.12294578552246,68.06999969482422
2009-10-05,19.354476928710938,68.04000091552734
2009-10-06,19.606704711914062,68.55999755859375
2009-10-07,19.56534767150879,67.19999694824219
2009-10-08,19.66458511352539,69.7699966430664
2009-10-09,19.945749282836914,70.0
2009-10-12,19.77622413635254,71.36000061035156
2009-10-13,19.734874725341797,72.4000015258789
2009-10-14,20.123533248901367,73.0999984741211
2009-10-15,20.135944366455078,
2009-10-16,20.140073776245117,76.98999786376953
2009-10-19,20.36334800720215,77.7699966430664
2009-10-20,19.829973220825195,77.23999786376953
2009-10-21,19.606704711914062,79.69000244140625
2009-10-22,19.991226196289062,79.51000213623047
2009-10-23,19.734874725341797,78.91999816894531
2009-10-26,19.48265838623047,77.26000213623047
2009-10-27,19.32967185974121,77.91999816894531
2009-10-28,18.850051879882812,75.86000061035156
2009-10-29,19.118803024291992,78.04000091552734
2009-10-30,18.630905151367188,75.19999694824219
2009-11-02,18.792156219482422,76.55000305175781
2009-11-03,18.77976417541504,78.11000061035156
2009-11-04,18.85832405090332,78.88999938964844
2009-11-05,19.470258712768555,77.98999786376953
2009-11-06,19.536413192749023,75.87000274658203
2009-11-09,19.93333625793457,77.7699966430664
2009-11-10,19.834108352661133,77.5
2009-11-11,19.95814323425293,77.94999694824219
2009-11-12,19.751422882080078,76.0199966430664
2009-11-13,19.995361328125,75.55000305175781
2009-11-16,20.45431137084961,78.76000213623047
2009-11-17,20.46257972717285,78.97000122070312
2009-11-18,20.255849838256836,79.47000122070312
2009-11-19,19.95814323425293,77.63999938964844
2009-11-20,20.020170211791992,77.19999694824219
2009-11-23,20.36747932434082,77.45999908447266
2009-11-24,20.31372833251953,76.45999908447266
2009-11-25,20.474987030029297,78.44000244140625
2009-11-27,20.148345947265625,77.18000030517578
2009-11-30,20.016033172607422,78.47000122070312
2009-12-01,20.31372833251953,79.3499984741211
2009-12-02,20.44603729248047,77.87999725341797
2009-12-03,20.355083465576172,78.36000061035156
2009-12-04,20.768550872802734,77.5199966430664
2009-12-07,20.942209243774414,76.43000030517578
2009-12-08,20.776819229125977,75.19000244140625
2009-12-09,20.640369415283203,72.38999938964844
2009-12-10,20.627971649169922,71.86000061035156
2009-12-11,20.96700668334961,71.87999725341797
2009-12-14,21.26471710205078,71.88999938964844
2009-12-15,21.227500915527344,72.05000305175781
2009-12-16,21.268844604492188,73.55000305175781
2009-12-17,21.024892807006836,73.37000274658203
2009-12-18,21.00009536743164,73.75
2009-12-21,21.268844604492188,72.98999786376953
2009-12-22,21.392887115478516,73.45999908447266
2009-12-23,21.419078826904297,75.44999694824219
2009-12-24,21.46482276916504,76.30999755859375
2009-12-28,21.468992233276367,77.31999969482422
2009-12-29,21.498083114624023,77.63999938964844
2009-12-30,21.50225067138672,78.02999877929688
2009-12-31,21.190383911132812,77.93000030517578
2010-01-04,21.72679328918457,80.12000274658203
2010-01-05,21.851531982421875,80.58999633789062
2010-01-06,22.046977996826172,81.88999938964844
2010-01-07,22.105192184448242,81.51000213623047
2010-01-08,22.22994041442871,81.37000274658203
2010-01-11,22.40458869934082,80.97000122070312
2010-01-12,22.196683883666992,79.30000305175781
2010-01-13,22.475269317626953,78.30999755859375
2010-01-14,22.624977111816406,77.81999969482422
2010-01-15,22.350528717041016,77.11000061035156
2010-01-19,22.53765106201172,77.62999725341797
2010-01-20,22.22994041442871,76.31999969482422
2010-01-21,21.7309513092041,74.58000183105469
2010-01-22,21.348388671875,72.83000183105469
2010-01-25,21.38997459411621,73.69000244140625
2010-01-26,21.35256004333496,73.29000091552734
2010-01-27,21.572933197021484,72.23999786376953
2010-01-28,21.294334411621094,72.12999725341797
2010-01-29,21.09473991394043,71.45999908447266
2010-02-01,21.377500534057617,73.11000061035156
2010-02-02,21.743427276611328,76.05999755859375
2010-02-03,21.7309513092041,75.91999816894531
2010-02-04,21.00741195678711,72.12999725341797
2010-02-05,20.832767486572266,69.58999633789062
2010-02-08,20.69139289855957,70.11000061035156
2010-02-09,21.01988983154297,72.12999725341797
2010-02-10,20.999103546142578,72.54000091552734
2010-02-11,21.215333938598633,73.05000305175781
2010-02-12,21.06563949584961,72.9000015258789
2010-02-16,21.38997459411621,75.68000030517578
2010-02-17,21.6062068939209,76.2699966430664
2010-02-18,21.947174072265625,77.77999877929688
2010-02-19,22.08024787902832,78.19000244140625
2010-02-22,22.184192657470703,78.61000061035156
2010-02-23,21.859848022460938,77.25
2010-02-24,22.08855628967285,78.08999633789062
2010-02-25,22.06777000427246,76.29000091552734
2010-02-26,22.21746253967285,77.58999633789062
2010-03-01,22.616653442382812,76.88999938964844
2010-03-02,22.80377960205078,78.18000030517578
2010-03-03,22.745559692382812,79.25
2010-03-04,22.903575897216797,78.54000091552734
2010-03-05,23.269500732421875,79.88999938964844
2010-03-08,23.169700622558594,80.47000122070312
2010-03-09,23.390087127685547,79.91000366210938
2010-03-10,23.635412216186523,80.4800033569336
2010-03-11,23.718584060668945,80.27999877929688
2010-03-12,23.602153778076172,79.38999938964844
2010-03-15,23.58135986328125,77.88999938964844
2010-03-16,23.6769962310791,79.0199966430664
2010-03-17,23.73106575012207,81.95999908447266
2010-03-18,23.756017684936523,81.4800033569336
2010-03-19,23.89322853088379,79.87999725341797
2010-03-22,23.984722137451172,80.54000091552734
2010-03-23,24.16352081298828,80.69999694824219
2010-03-24,24.05956268310547,79.62000274658203
2010-03-25,24.035829544067383,79.61000061035156
2010-03-26,24.11493492126465,79.29000091552734
2010-03-29,24.310626983642578,81.16999816894531
2010-03-30,24.281476974487305,81.27999877929688
2010-03-31,24.081626892089844,82.69999694824219
2010-04-01,24.185718536376953,84.01000213623047
2010-04-05,24.260662078857422,85.87999725341797
2010-04-06,24.11077880859375,86.1500015258789
2010-04-07,24.052486419677734,85.58999633789062
2010-04-08,24.01917839050293,84.80999755859375
2010-04-09,24.189882278442383,84.83000183105469
2010-04-12,24.252330780029297,84.7699966430664
2010-04-13,24.185718536376953,84.72000122070312
2010-04-14,24.318937301635742,86.1500015258789
2010-04-15,24.41887092590332,87.16999816894531
2010-04-16,24.160737991333008,85.98999786376953
2010-04-19,24.173233032226562,84.2300033569336
2010-04-20,24.43968963623047,84.80000305175781
2010-04-21,24.839391708374023,85.69999694824219
2010-04-22,25.251577377319336,85.66999816894531
2010-04-23,25.218263626098633,87.25
2010-04-26,25.130830764770508,86.83000183105469
2010-04-27,24.61872673034668,85.77999877929688
2010-04-28,24.697824478149414,86.16000366210938
2010-04-29,25.110010147094727,86.9000015258789
2010-04-30,24.53129005432129,87.44000244140625
2010-05-03,25.118335723876953,88.94000244140625
2010-05-04,24.35225486755371,
2010-05-05,24.131589889526367,82.61000061035156
2010-05-06,23.340534210205078,79.83000183105469
2010-05-07,22.67437171936035,78.2699966430664
2010-05-10,23.740219116210938,80.12000274658203
2010-05-11,23.881784439086914,80.48999786376953
2010-05-12,24.431365966796875,81.19999694824219
2010-05-13,24.256498336791992,80.11000061035156
2010-05-14,23.677770614624023,77.18000030517578
2010-05-17,23.656951904296875,75.0999984741211
2010-05-18,23.36966896057129,74.43000030517578
2010-05-19,23.04075050354004,73.69000244140625
2010-05-20,21.854162216186523,71.83999633789062
2010-05-21,22.29966163635254,71.68000030517578
2010-05-24,21.949920654296875,71.16999816894531
2010-05-25,21.795881271362305,69.55000305175781
2010-05-26,21.820863723754883,71.73999786376953
2010-05-27,22.528644561767578,74.66000366210938
2010-05-28,22.303821563720703,74.0199966430664
2010-06-01,21.80003547668457,72.70999908447266
2010-06-02,22.26218032836914,73.75
2010-06-03,22.366275787353516,75.41000366210938
2010-06-04,21.400331497192383,72.08999633789062
2010-06-07,20.77581787109375,72.08999633789062
2010-06-08,20.879898071289062,72.08999633789062
2010-06-09,20.904884338378906,72.08999633789062
2010-06-10,21.53774070739746,75.29000091552734
2010-06-11,21.654312133789062,74.3499984741211
2010-06-14,21.77505111694336,75.19999694824219
2010-06-15,22.345449447631836,76.19999694824219
2010-06-16,22.370441436767578,78.13999938964844
2010-06-17,22.399578094482422,78.68000030517578
2010-06-18,22.511985778808594,78.22000122070312
2010-06-21,22.470359802246094,78.81999969482422
2010-06-22,22.033185958862305,78.04000091552734
2010-06-23,22.06650161743164,76.2699966430664
2010-06-24,21.7021541595459,76.47000122070312
2010-06-25,21.898300170898438,78.12000274658203
2010-06-28,21.819013595581055,77.58999633789062
2010-06-29,20.88414764404297,75.44000244140625
2010-06-30,20.742250442504883,75.01000213623047
2010-07-01,20.558618545532227,72.33999633789062
2010-07-02,20.483495712280273,71.6500015258789
2010-07-06,20.408370971679688,71.44999694824219
2010-07-07,21.08448028564453,73.51000213623047
2010-07-08,21.422534942626953,74.70999908447266
2010-07-09,21.472614288330078,75.41999816894531
2010-07-12,21.159603118896484,74.37000274658203
2010-07-13,21.58112907409668,76.6500015258789
2010-07-14,21.647899627685547,76.7699966430664
2010-07-15,21.568601608276367,
2010-07-16,20.7965030670166,75.37000274658203
2010-07-19,20.94257926940918,75.62000274658203
2010-07-20,21.167953491210938,76.22000122070312
2010-07-21,21.197162628173828,75.37000274658203
2010-07-22,21.864925384521484,77.81999969482422
2010-07-23,22.22384262084961,77.44999694824219
2010-07-26,22.628665924072266,77.5
2010-07-27,22.403301239013672,76.12999725341797
2010-07-28,22.303131103515625,76.05999755859375
2010-07-29,22.30730628967285,77.58999633789062
2010-07-30,22.286449432373047,78.18000030517578
2010-08-02,22.649538040161133,80.81999969482422
2010-08-03,22.566062927246094,82.68000030517578
2010-08-04,22.72465705871582,82.19999694824219
2010-08-05,22.666227340698242,81.61000061035156
2010-08-06,22.515981674194336,80.16000366210938
2010-08-09,22.695451736450195,80.98999786376953
2010-08-10,22.39912986755371,79.5999984741211
2010-08-11,21.54355812072754,77.63999938964844
2010-08-12,21.326536178588867,75.5199966430664
2010-08-13,21.301504135131836,75.11000061035156
2010-08-16,21.288976669311523,74.8499984741211
2010-08-17,21.752233505249023,76.93000030517578
2010-08-18,21.88161277770996,76.47000122070312
2010-08-19,21.359928131103516,75.30000305175781
2010-08-20,21.259767532348633,74.26000213623047
2010-08-23,20.842418670654297,73.62000274658203
2010-08-24,20.412538528442383,72.37999725341797
2010-08-25,20.504356384277344,73.4800033569336
2010-08-26,20.558618545532227,75.0199966430664
2010-08-27,21.03022003173828,76.6500015258789
2010-08-30,20.679645538330078,76.5999984741211
2010-08-31,20.479324340820312,74.63999938964844
2010-09-01,21.297321319580078,76.3499984741211
2010-09-02,21.54355812072754,76.93000030517578
2010-09-03,21.877443313598633,76.66999816894531
2010-09-07,21.510168075561523,77.73999786376953
2010-09-08,21.67711067199707,78.16999816894531
2010-09-09,21.5894718170166,77.47000122070312
2010-09-10,21.84405517578125,78.16000366210938
2010-09-13,22.12784194946289,79.02999877929688
2010-09-14,21.89413070678711,79.16000366210938
2010-09-15,21.827354431152344,78.91000366210938
2010-09-16,21.8106632232666,78.4800033569336
2010-09-17,22.098642349243164,78.20999908447266
2010-09-20,22.545194625854492,79.31999969482422
2010-09-21,22.52433204650879,78.41999816894531
2010-09-22,22.332351684570312,77.94999694824219
2010-09-23,21.985261917114258,78.11000061035156
2010-09-24,22.596542358398438,78.87000274658203
2010-09-27,22.37045669555664,78.56999969482422
2010-09-28,22.54629898071289,78.70999908447266
2010-09-29,22.61747169494629,80.7699966430664
2010-09-30,22.55885887145996,82.30999755859375
2010-10-01,22.52955436706543,83.75
2010-10-04,22.24484634399414,83.27999877929688
2010-10-05,22.889617919921875,84.83999633789062
2010-10-06,23.002668380737305,85.05999755859375
2010-10-07,22.973363876342773,83.43000030517578
2010-10-08,23.136646270751953,84.02999877929688
2010-10-11,23.098970413208008,83.72000122070312
2010-10-12,23.119895935058594,83.5
2010-10-13,23.463226318359375,84.63999938964844
2010-10-14,23.333436965942383,84.52999877929688
2010-10-15,23.287378311157227,82.44999694824219
2010-10-18,23.379491806030273,84.37000274658203
2010-10-19,22.960798263549805,81.0999984741211
2010-10-20,23.345991134643555,83.5999984741211
2010-10-21,23.668376922607422,81.83000183105469
2010-10-22,23.75631332397461,82.95999908447266
2010-10-25,23.7604923248291,83.54000091552734
2010-10-26,23.798171997070312,83.66000366210938
2010-10-27,23.710254669189453,83.2300033569336
2010-10-28,23.75631332397461,83.58999633789062
2010-10-29,23.80236053466797,83.1500015258789
2010-11-01,23.622325897216797,84.62000274658203
2010-11-02,24.00333023071289,85.41000366210938
2010-11-03,23.965648651123047,86.37999725341797
2010-11-04,24.39271354675293,88.0
2010-11-05,24.535066604614258,88.11000061035156
2010-11-08,24.375961303710938,88.45999908447266
2010-11-09,24.120559692382812,88.33000183105469
2010-11-10,24.02008056640625,88.95999908447266
2010-11-11,23.597211837768555,88.80999755859375
2010-11-12,23.20782470703125,86.33999633789062
2010-11-15,23.25387954711914,86.69999694824219
2010-11-16,22.990110397338867,84.7300033569336
2010-11-17,23.002668380737305,83.27999877929688
2010-11-18,23.4674072265625,85.05000305175781
2010-11-19,23.463226318359375,84.33999633789062
2010-11-22,23.35854721069336,83.95999908447266
2010-11-23,23.25806999206543,83.25
2010-11-24,23.894472122192383,85.83999633789062
2010-11-26,23.710254669189453,85.58000183105469
2010-11-29,23.563711166381836,87.33999633789062
2010-11-30,23.572086334228516,85.91999816894531
2010-12-01,24.187551498413086,88.87000274658203
2010-12-02,24.455516815185547,90.69000244140625
2010-12-03,24.455516815185547,91.41999816894531
2010-12-06,24.455516815185547,91.44999694824219
2010-12-07,24.55180549621582,91.38999938964844
2010-12-08,24.497377395629883,90.7699966430664
2010-12-09,24.367586135864258,90.98999786376953
2010-12-10,24.560178756713867,90.4800033569336
2010-12-13,24.489004135131836,91.19000244140625
2010-12-14,24.585315704345703,91.20999908447266
2010-12-15,24.417835235595703,92.19999694824219
2010-12-16,24.610427856445312,91.70999908447266
2010-12-17,24.593687057495117,91.66999816894531
2010-12-20,24.497377395629883,92.73999786376953
2010-12-21,24.635549545288086,93.19999694824219
2010-12-22,24.73546600341797,93.6500015258789
2010-12-23,24.79424285888672,94.25
2010-12-27,24.748058319091797,93.8499984741211
2010-12-28,24.748058319091797,94.37999725341797
2010-12-29,24.739662170410156,94.13999938964844
2010-12-30,24.664094924926758,93.08999633789062
2010-12-31,24.706083297729492,94.75
2011-01-03,24.957963943481445,94.83999633789062
2011-01-04,24.886598587036133,93.52999877929688
2011-01-05,25.193065643310547,95.5
2011-01-06,25.4113712310791,94.5199966430664
2011-01-07,25.57089614868164,93.33000183105469
2011-01-10,25.50792121887207,95.69999694824219
2011-01-11,25.419767379760742,97.61000061035156
2011-01-12,25.6800479888916,98.12000274658203
2011-01-13,25.726221084594727,98.05999755859375
2011-01-14,25.88995361328125,
2011-01-18,26.355947494506836,97.80000305175781
2011-01-19,26.0998592376709,98.16000366210938
2011-01-20,26.070478439331055,96.58000183105469
2011-01-21,26.032690048217773,97.5999984741211
2011-01-24,26.12924575805664,96.61000061035156
2011-01-25,26.309770584106445,95.25
2011-01-26,26.297178268432617,97.91000366210938
2011-01-27,26.486093521118164,97.38999938964844
2011-01-28,25.91094398498535,99.41999816894531
2011-01-31,26.162830352783203,101.01000213623047
2011-02-01,26.515480041503906,101.73999786376953
2011-02-02,26.561660766601562,102.33999633789062
2011-02-03,26.486093521118164,101.76000213623047
2011-02-04,26.5280704498291,99.83000183105469
2011-02-07,26.83873748779297,99.25
2011-02-08,26.998266220092773,99.91999816894531
2011-02-09,26.998266220092773,101.81999969482422
2011-02-10,26.964679718017578,100.87000274658203
2011-02-11,26.964679718017578,101.43000030517578
2011-02-14,26.893310546875,103.08000183105469
2011-02-15,26.889116287231445,101.63999938964844
2011-02-16,26.93948745727539,103.77999877929688
2011-02-17,27.02765464782715,102.58999633789062
2011-02-18,27.157793045043945,102.5199966430664
2011-02-22,26.3895320892334,105.77999877929688
2011-02-23,26.074678421020508,111.25
2011-02-24,26.25099754333496,111.36000061035156
2011-02-25,26.519676208496094,112.13999938964844
2011-02-28,26.423110961914062,111.80000305175781
2011-03-01,25.961326599121094,115.41999816894531
2011-03-02,26.049482345581055,116.3499984741211
2011-03-03,26.75476837158203,114.79000091552734
2011-03-04,26.49028778076172,115.97000122070312
2011-03-07,26.133445739746094,115.04000091552734
2011-03-08,26.603641510009766,113.05999755859375
2011-03-09,26.771562576293945,115.94000244140625
2011-03-10,26.200605392456055,115.43000030517578
2011-03-11,26.418920516967773,113.83999633789062
2011-03-14,26.17542839050293,113.66999816894531
2011-03-15,25.91933822631836,108.5199966430664
2011-03-16,25.356788635253906,110.62000274658203
2011-03-17,25.596086502075195,114.9000015258789
2011-03-18,25.84797477722168,113.93000030517578
2011-03-21,26.410524368286133,114.95999908447266
2011-03-22,26.36855125427246,115.69999694824219
2011-03-23,26.51128387451172,115.55000305175781
2011-03-24,26.641420364379883,115.72000122070312
2011-03-25,26.736087799072266,115.58999633789062
2011-03-28,26.630903244018555,114.80000305175781
2011-03-29,26.76974105834961,
2011-03-30,26.874921798706055,115.12999725341797
2011-03-31,27.022172927856445,117.36000061035156
2011-04-01,27.20726776123047,118.69999694824219
2011-04-04,27.068439483642578,121.05999755859375
2011-04-05,27.06003189086914,122.22000122070312
2011-04-06,27.198867797851562,122.30000305175781
2011-04-07,27.139963150024414,122.66999816894531
2011-04-08,26.77394676208496,126.6500015258789
2011-04-11,26.710840225219727,123.9800033569336
2011-04-12,26.466827392578125,120.91999816894531
2011-04-13,26.193368911743164,122.87999725341797
2011-04-14,26.02928924560547,122.36000061035156
2011-04-15,26.193368911743164,123.44999694824219
2011-04-18,25.776865005493164,121.61000061035156
2011-04-19,25.89466094970703,121.33000183105469
2011-04-20,26.49627685546875,
2011-04-21,26.593042373657227,123.98999786376953
2011-04-25,26.428966522216797,123.66000366210938
2011-04-26,26.828643798828125,124.13999938964844
2011-04-27,26.92119789123535,125.12999725341797
2011-04-28,27.022172927856445,125.0199966430664
2011-04-29,27.24513816833496,125.88999938964844
2011-05-02,27.24093246459961,125.12000274658203
2011-05-03,27.287212371826172,122.44999694824219
2011-05-04,26.942224502563477,121.19000244140625
2011-05-05,26.950654983520508,110.80000305175781
2011-05-06,27.249345779418945,109.12999725341797
2011-05-09,27.39238929748535,115.9000015258789
2011-05-10,27.649023056030273,117.62999725341797
2011-05-11,27.463911056518555,112.56999969482422
2011-05-12,27.661653518676758,112.9800033569336
2011-05-13,27.341909408569336,113.83000183105469
2011-05-16,27.27878761291504,112.7300033569336
2011-05-17,26.984302520751953,109.98999786376953
2011-05-18,27.232521057128906,112.30000305175781
2011-05-19,27.33770179748535,111.41999816894531
2011-05-20,27.089475631713867,112.38999938964844
2011-05-23,26.651941299438477,110.0999984741211
2011-05-24,26.50469398498535,112.52999877929688
2011-05-25,26.694015502929688,114.93000030517578
2011-05-26,26.706632614135742,115.05000305175781
2011-05-27,26.858095169067383,115.02999877929688
2011-05-31,27.144174575805664,116.7300033569336
2011-06-01,26.433168411254883,114.52999877929688
2011-06-02,26.45840835571289,115.54000091552734
2011-06-03,26.21440315246582,115.83999633789062
2011-06-06,26.205989837646484,114.4800033569336
2011-06-07,26.201780319213867,116.77999877929688
2011-06-08,26.00825309753418,117.8499984741211
2011-06-09,26.155498504638672,119.56999969482422
2011-06-10,25.806310653686523,118.77999877929688
2011-06-13,25.90728759765625,119.0999984741211
2011-06-14,26.37847900390625,120.16000366210938
2011-06-15,26.151288986206055,117.0999984741211
2011-06-16,26.327993392944336,114.0199966430664
2011-06-17,26.407928466796875,113.20999908447266
2011-06-20,26.710840225219727,111.69000244140625
2011-06-21,26.954849243164062,110.94999694824219
2011-06-22,26.938024520874023,114.20999908447266
2011-06-23,26.786571502685547,107.26000213623047
2011-06-24,26.557937622070312,105.12000274658203
2011-06-27,26.760419845581055,105.98999786376953
2011-06-28,27.0767879486084,108.77999877929688
2011-06-29,27.27081871032715,112.4000015258789
2011-06-30,27.688425064086914,112.4800033569336
2011-07-01,28.030099868774414,111.7699966430664
2011-07-05,27.865575790405273,
2011-07-06,28.000579833984375,113.62000274658203
2011-07-07,28.156648635864258,118.58999633789062
2011-07-08,27.93729019165039,118.33000183105469
2011-07-11,27.435327529907227,117.23999786376953
2011-07-12,27.266599655151367,117.75
2011-07-13,27.291906356811523,
2011-07-14,26.91226577758789,118.31999969482422
2011-07-15,26.68448257446289,117.26000213623047
2011-07-18,26.384992599487305,116.05000305175781
2011-07-19,26.78571891784668,
2011-07-20,27.05146598815918,118.1500015258789
2011-07-21,27.561878204345703,117.51000213623047
2011-07-22,27.367834091186523,118.66999816894531
2011-07-25,27.173797607421875,117.94000244140625
2011-07-26,26.9333553314209,118.27999877929688
2011-07-27,26.152984619140625,117.43000030517578
2011-07-28,26.03065299987793,117.36000061035156
2011-07-29,26.140335083007812,116.73999786376953
2011-08-01,25.857723236083984,116.80999755859375
2011-08-02,25.123737335205078,116.45999908447266
2011-08-03,25.10264778137207,113.2300033569336
2011-08-04,23.80344009399414,107.25
2011-08-05,23.66844940185547,109.37000274658203
2011-08-08,21.850399017333984,103.73999786376953
2011-08-09,23.094776153564453,102.56999969482422
2011-08-10,21.631059646606445,106.68000030517578
2011-08-11,22.563276290893555,108.0199966430664
2011-08-12,23.035720825195312,108.02999877929688
2011-08-15,23.470191955566406,109.91000366210938
2011-08-16,23.229759216308594,
2011-08-17,23.259292602539062,110.5999984741211
2011-08-18,21.972726821899414,106.98999786376953
2011-08-19,21.753372192382812,108.62000274658203
2011-08-22,21.9305477142334,108.36000061035156
2011-08-23,22.76153564453125,109.30999755859375
2011-08-24,23.238197326660156,110.1500015258789
2011-08-25,22.845905303955078,
2011-08-26,23.34365463256836,111.36000061035156
2011-08-29,24.132463455200195,111.87999725341797
2011-08-30,24.385560989379883,114.0199966430664
2011-08-31,24.524749755859375,114.8499984741211
2011-09-01,23.99325942993164,114.29000091552734
2011-09-02,23.07790184020996,112.33000183105469
2011-09-06,22.88808822631836,112.88999938964844
2011-09-07,23.605180740356445,115.80000305175781
2011-09-08,23.23398208618164,114.55000305175781
2011-09-09,22.626550674438477,112.7699966430664
2011-09-12,22.727798461914062,112.25
2011-09-13,23.039939880371094,111.88999938964844
2011-09-14,23.428020477294922,112.4000015258789
2011-09-15,23.86249351501465,115.33999633789062
2011-09-16,24.233705520629883,112.22000122070312
2011-09-19,24.166208267211914,109.13999938964844
2011-09-20,23.908893585205078,110.54000091552734
2011-09-21,23.010414123535156,110.36000061035156
2011-09-22,22.34815216064453,105.48999786376953
2011-09-23,22.690431594848633,103.97000122070312
2011-09-26,23.35468864440918,
2011-09-27,23.88779067993164,107.13999938964844
2011-09-28,23.312379837036133,103.80999755859375
2011-09-29,23.532386779785156,103.94999694824219
2011-09-30,23.058517456054688,102.76000213623047
2011-10-03,22.23349380493164,101.70999908447266
2011-10-04,22.766590118408203,99.79000091552734
2011-10-05,23.134681701660156,
2011-10-06,23.56200408935547,105.7300033569336
2011-10-07,23.54931640625,105.87999725341797
2011-10-10,24.200870513916016,108.94999694824219
2011-10-11,24.323572158813477,110.7300033569336
2011-10-12,24.547813415527344,111.36000061035156
2011-10-13,24.340492248535156,111.11000061035156
2011-10-14,24.577417373657227,114.68000030517578
2011-10-17,23.8962459564209,110.16000366210938
2011-10-18,24.46318817138672,111.1500015258789
2011-10-19,24.192419052124023,108.38999938964844
2011-10-20,24.323572158813477,109.76000213623047
2011-10-21,24.958202362060547,109.55999755859375
2011-10-24,25.364381790161133,111.44999694824219
2011-10-25,24.987825393676758,110.91999816894531
2011-10-26,25.042823791503906,108.91000366210938
2011-10-27,25.863632202148438,112.08000183105469
2011-10-28,25.78323745727539,109.91000366210938
2011-10-31,25.347454071044922,109.55999755859375
2011-11-01,24.399723052978516,109.54000091552734
2011-11-02,24.793203353881836,109.33999633789062
2011-11-03,25.588613510131836,110.83000183105469
2011-11-04,25.51668930053711,111.97000122070312
2011-11-07,25.779008865356445,114.55999755859375
2011-11-08,26.028629302978516,115.0
2011-11-09,25.199363708496094,112.30999755859375
2011-11-10,25.292449951171875,113.70999908447266
2011-11-11,25.84670066833496,114.16000366210938
2011-11-14,25.690166473388672,111.88999938964844
2011-11-15,26.007471084594727,112.38999938964844
2011-11-16,25.5378475189209,111.87999725341797
2011-11-17,25.097829818725586,108.22000122070312
2011-11-18,25.216293334960938,107.55999755859375
2011-11-21,24.708576202392578,
2011-11-22,24.484342575073242,109.02999877929688
2011-11-23,23.803163528442383,107.0199966430664
2011-11-25,23.942781448364258,106.4000015258789
2011-11-28,24.683197021484375,109.0
2011-11-29,24.717044830322266,110.81999969482422
2011-11-30,25.78323745727539,
2011-12-01,25.78323745727539,108.98999786376953
2011-12-02,25.635156631469727,109.94000244140625
2011-12-05,25.774770736694336,109.80999755859375
2011-12-06,25.829774856567383,110.80999755859375
2011-12-07,25.694395065307617,109.52999877929688
2011-12-08,25.093599319458008,108.11000061035156
2011-12-09,25.67323112487793,108.62000274658203
2011-12-12,25.27128791809082,107.26000213623047
2011-12-13,25.068208694458008,109.5
2011-12-14,24.831279754638672,105.0199966430664
2011-12-15,25.017440795898438,105.08999633789062
2011-12-16,25.07666778564453,103.3499984741211
2011-12-19,24.89474868774414,103.63999938964844
2011-12-20,25.71977424621582,106.7300033569336
2011-12-21,25.863632202148438,107.70999908447266
2011-12-22,26.09712791442871,107.88999938964844
2011-12-23,26.194786071777344,107.95999908447266
2011-12-27,26.249967575073242,109.2699966430664
2011-12-28,25.83815574645996,107.55999755859375
2011-12-29,26.17354965209961,108.01000213623047
2011-12-30,25.97825050354004,107.37999725341797
2012-01-03,26.31789207458496,112.12999725341797
2012-01-04,26.296669006347656,113.69999694824219
2012-01-05,26.211767196655273,112.73999786376953
2012-01-06,26.258466720581055,113.05999755859375
2012-01-09,26.36883544921875,112.44999694824219
2012-01-10,26.797637939453125,113.27999877929688
2012-01-11,26.8783016204834,112.23999786376953
2012-01-12,27.06934928894043,111.26000213623047
2012-01-13,26.818859100341797,110.44000244140625
2012-01-17,27.039630889892578,111.52999877929688
2012-01-18,27.20944595336914,110.66000366210938
2012-01-19,27.45993995666504,111.55000305175781
2012-01-20,27.396251678466797,109.86000061035156
2012-01-23,27.298603057861328,110.58000183105469
2012-01-24,27.298603057861328,110.02999877929688
2012-01-25,27.536352157592773,109.80999755859375
2012-01-26,27.336809158325195,110.79000091552734
2012-01-27,27.298603057861328,111.45999908447266
2012-01-30,27.116043090820312,110.75
2012-01-31,27.31558609008789,110.9800033569336
2012-02-01,27.812320709228516,111.55999755859375
2012-02-02,27.727399826049805,112.06999969482422
2012-02-03,28.219873428344727,114.58000183105469
2012-02-06,28.041576385498047,115.93000030517578
2012-02-07,28.215633392333984,116.2300033569336
2012-02-08,28.406692504882812,117.19999694824219
2012-02-09,28.449140548706055,118.58999633789062
2012-02-10,28.236867904663086,117.30999755859375
2012-02-13,28.504323959350586,117.93000030517578
2012-02-14,28.44489860534668,118.16000366210938
2012-02-15,28.1307315826416,118.93000030517578
2012-02-16,28.292055130004883,120.11000061035156
2012-02-17,28.449140548706055,119.58000183105469
2012-02-21,28.423667907714844,121.66000366210938
2012-02-22,28.402437210083008,122.9000015258789
2012-02-23,28.406692504882812,123.62000274658203
2012-02-24,28.563764572143555,125.47000122070312
2012-02-27,28.48735237121582,124.16999816894531
2012-02-28,28.419416427612305,121.55000305175781
2012-02-29,28.359989166259766,122.66000366210938
2012-03-01,28.436399459838867,126.19999694824219
2012-03-02,28.292055130004883,123.6500015258789
2012-03-05,28.198652267456055,123.80000305175781
2012-03-06,27.65947723388672,121.9800033569336
2012-03-07,27.842029571533203,124.12000274658203
2012-03-08,28.245359420776367,125.44000244140625
2012-03-09,28.410921096801758,125.9800033569336
2012-03-12,28.39818572998047,125.33999633789062
2012-03-13,28.797273635864258,126.22000122070312
2012-03-14,28.814247131347656,124.97000122070312
2012-03-15,28.85246467590332,123.55000305175781
2012-03-16,28.737829208374023,125.80999755859375
2012-03-19,28.75482177734375,125.70999908447266
2012-03-20,28.37696075439453,124.12000274658203
2012-03-21,28.406692504882812,124.19999694824219
2012-03-22,28.26233673095703,123.13999938964844
2012-03-23,28.44489860534668,125.12999725341797
2012-03-26,28.93096923828125,125.6500015258789
2012-03-27,28.76923370361328,125.54000091552734
2012-03-28,28.535137176513672,124.16000366210938
2012-03-29,28.522361755371094,122.38999938964844
2012-03-30,28.573434829711914,122.87999725341797
2012-04-02,28.81179428100586,125.43000030517578
2012-04-03,28.696870803833008,124.86000061035156
2012-04-04,28.437232971191406,122.33999633789062
2012-04-05,28.186105728149414,123.43000030517578
2012-04-09,27.739181518554688,122.66999816894531
2012-04-10,27.232664108276367,119.87999725341797
2012-04-11,27.598716735839844,120.18000030517578
2012-04-12,28.190353393554688,121.70999908447266
2012-04-13,27.862619400024414,121.83000183105469
2012-04-16,27.905174255371094,118.68000030517578
2012-04-17,28.37763786315918,118.77999877929688
2012-04-18,28.203134536743164,117.97000122070312
2012-04-19,27.89240837097168,118.0
2012-04-20,28.194622039794922,118.76000213623047
2012-04-23,27.91368865966797,118.70999908447266
2012-04-24,28.03287124633789,118.16000366210938
2012-04-25,28.2669734954834,119.12000274658203
2012-04-26,28.50958824157715,119.91999816894531
2012-04-27,28.696870803833008,119.83000183105469
2012-04-30,28.44574546813965,119.47000122070312
2012-05-01,28.54364013671875,119.66000366210938
2012-05-02,28.50533676147461,118.19999694824219
2012-05-03,28.262718200683594,116.08000183105469
2012-05-04,27.837068557739258,113.18000030517578
2012-05-07,27.739181518554688,113.16000366210938
2012-05-08,27.628517150878906,112.7300033569336
2012-05-09,27.258207321166992,113.19999694824219
2012-05-10,27.232664108276367,112.7300033569336
2012-05-11,27.19434928894043,112.26000213623047
2012-05-14,27.028356552124023,111.56999969482422
2012-05-15,26.9049129486084,112.23999786376953
2012-05-16,26.743173599243164,111.70999908447266
2012-05-17,26.194091796875,107.48999786376953
2012-05-18,25.964244842529297,107.13999938964844
2012-05-21,26.462244033813477,108.80999755859375
2012-05-22,26.41542625427246,108.41000366210938
2012-05-23,26.479272842407227,105.55999755859375
2012-05-24,26.411176681518555,106.55000305175781
2012-05-25,26.257938385009766,106.83000183105469
2012-05-29,26.521841049194336,106.68000030517578
2012-05-30,26.39839744567871,103.47000122070312
2012-05-31,26.296247482299805,101.87000274658203
2012-06-01,25.610963821411133,98.43000030517578
2012-06-04,25.52157211303711,98.8499984741211
2012-06-05,25.572643280029297,98.83999633789062
2012-06-06,26.16855239868164,100.63999938964844
2012-06-07,26.42819595336914,99.93000030517578
2012-06-08,26.43244743347168,99.47000122070312
2012-06-11,26.35158348083496,98.0
2012-06-12,26.628250122070312,97.13999938964844
2012-06-13,26.317529678344727,97.12999725341797
2012-06-14,26.440961837768555,97.02999877929688
2012-06-15,26.534605026245117,97.61000061035156
2012-06-18,26.755937576293945,96.05000305175781
2012-06-19,27.146432876586914,95.76000213623047
2012-06-20,27.06100082397461,92.69000244140625
2012-06-21,26.595294952392578,89.2300033569336
2012-06-22,26.727745056152344,90.9800033569336
2012-06-25,26.35177230834961,91.01000213623047
2012-06-26,26.287694931030273,93.0199966430664
2012-06-27,26.612396240234375,93.5
2012-06-28,26.428674697875977,91.36000061035156
2012-06-29,27.342966079711914,97.80000305175781
2012-07-02,27.257516860961914,97.33999633789062
2012-07-03,27.488216400146484,100.68000030517578
2012-07-05,27.552303314208984,100.69999694824219
2012-07-06,27.17633628845215,98.19000244140625
2012-07-09,27.167800903320312,100.31999969482422
2012-07-10,26.919986724853516,97.97000122070312
2012-07-11,26.58675193786621,100.2300033569336
2012-07-12,26.428674697875977,101.06999969482422
2012-07-13,26.958457946777344,102.4000015258789
2012-07-16,26.838825225830078,103.55000305175781
2012-07-17,26.79610252380371,104.0
2012-07-18,27.21905517578125,105.16000366210938
2012-07-19,27.479677200317383,107.80000305175781
2012-07-20,27.133615493774414,106.83000183105469
2012-07-23,26.75337791442871,103.26000213623047
2012-07-24,26.381690979003906,103.41999816894531
2012-07-25,26.471405029296875,104.37999725341797
2012-07-26,26.667936325073242,105.26000213623047
2012-07-27,27.06100082397461,106.47000122070312
2012-07-30,27.02680778503418,106.19999694824219
2012-07-31,26.966995239257812,104.91999816894531
2012-08-01,26.680747985839844,105.95999908447266
2012-08-02,26.450044631958008,105.9000015258789
2012-08-03,27.06100082397461,108.94000244140625
2012-08-06,27.052444458007812,109.55000305175781
2012-08-07,27.471126556396484,112.0
2012-08-08,27.509571075439453,112.13999938964844
2012-08-09,27.66338539123535,113.22000122070312
2012-08-10,27.59075164794922,112.94999694824219
2012-08-13,27.535215377807617,113.5999984741211
2012-08-14,27.454042434692383,114.02999877929688
2012-08-15,27.488216400146484,116.25
2012-08-16,27.753103256225586,116.9000015258789
2012-08-17,27.936809539794922,113.70999908447266
2012-08-20,28.039350509643555,113.69999694824219
2012-08-21,27.949636459350586,114.63999938964844
2012-08-22,27.736013412475586,114.91000366210938
2012-08-23,27.44123077392578,115.01000213623047
2012-08-24,27.539485931396484,113.58999633789062
2012-08-27,27.518123626708984,112.26000213623047
2012-08-28,27.582210540771484,112.58000183105469
2012-08-29,27.61639404296875,112.54000091552734
2012-08-30,27.38567543029785,112.6500015258789
2012-08-31,27.56511688232422,114.56999969482422
2012-09-04,27.415586471557617,114.18000030517578
2012-09-05,27.471126556396484,113.08999633789062
2012-09-06,28.017986297607422,113.48999786376953
2012-09-07,28.158967971801758,114.25
2012-09-10,27.88127326965332,114.80999755859375
2012-09-11,27.94108009338379,115.4000015258789
2012-09-12,28.035076141357422,115.95999908447266
2012-09-13,28.31704330444336,116.9000015258789
2012-09-14,28.453767776489258,
2012-09-17,28.321319580078125,
2012-09-18,28.304237365722656,112.02999877929688
2012-09-19,28.304237365722656,108.19000244140625
2012-09-20,28.15043067932129,110.02999877929688
2012-09-21,28.270055770874023,111.41999816894531
2012-09-24,28.077808380126953,109.80999755859375
2012-09-25,27.893871307373047,110.44999694824219
2012-09-26,27.833845138549805,110.04000091552734
2012-09-27,28.065372467041016,112.01000213623047
2012-09-28,27.9753360748291,112.38999938964844
2012-10-01,28.266870498657227,112.19000244140625
2012-10-02,28.254013061523438,111.56999969482422
2012-10-03,28.198280334472656,108.16999816894531
2012-10-04,28.34404754638672,112.58000183105469
2012-10-05,28.451229095458984,112.0199966430664
2012-10-08,28.305458068847656,111.81999969482422
2012-10-09,28.035348892211914,114.5
2012-10-10,27.855287551879883,114.33000183105469
2012-10-11,28.001052856445312,115.70999908447266
2012-10-12,28.009632110595703,114.62000274658203
2012-10-15,28.181133270263672,115.80000305175781
2012-10-16,28.549850463867188,115.06999969482422
2012-10-17,28.63559341430664,
2012-10-18,28.79422950744629,
2012-10-19,28.356904983520508,110.13999938964844
2012-10-22,28.224000930786133,109.44000244140625
2012-10-23,28.005342483520508,108.25
2012-10-24,28.043933868408203,107.8499984741211
2012-10-25,27.96246910095215,108.48999786376953
2012-10-26,27.996776580810547,109.55000305175781
2012-10-31,28.189701080322266,108.69999694824219
2012-11-01,28.459808349609375,108.16999816894531
2012-11-02,28.305458068847656,105.68000030517578
2012-11-05,28.322608947753906,107.7300033569336
2012-11-06,28.811382293701172,111.06999969482422
2012-11-07,27.941036224365234,106.81999969482422
2012-11-08,27.63233757019043,107.25
2012-11-09,27.75239372253418,109.4000015258789
2012-11-12,27.911014556884766,109.06999969482422
2012-11-13,27.881010055541992,108.26000213623047
2012-11-14,27.212175369262695,109.61000061035156
2012-11-15,27.07497787475586,110.9800033569336
2012-11-16,27.160728454589844,
2012-11-19,27.735239028930664,110.83999633789062
2012-11-20,27.81669044494629,109.83000183105469
2012-11-21,28.05250358581543,110.86000061035156
2012-11-23,28.284029006958008,111.37999725341797
2012-11-26,28.34404754638672,110.91999816894531
2012-11-27,28.425514221191406,109.87000274658203
2012-11-28,28.665603637695312,109.51000213623047
2012-11-29,28.867115020751953,110.76000213623047
2012-11-30,28.867115020751953,111.2300033569336
2012-12-03,28.571277618408203,110.91999816894531
2012-12-04,28.6784610748291,109.83999633789062
2012-12-05,28.721336364746094,108.80999755859375
2012-12-06,28.69561767578125,107.02999877929688
2012-12-07,28.832813262939453,107.0199966430664
2012-12-10,29.090057373046875,107.33000183105469
2012-12-11,29.188676834106445,108.01000213623047
2012-12-12,29.072908401489258,109.5
2012-12-13,28.841386795043945,107.91000366210938
2012-12-14,28.768505096435547,109.1500015258789
2012-12-17,28.828529357910156,
2012-12-18,29.377309799194336,
2012-12-19,29.559810638427734,110.36000061035156
2012-12-20,29.663854598999023,110.19999694824219
2012-12-21,29.62916374206543,108.97000122070312
2012-12-24,29.538145065307617,108.80000305175781
2012-12-26,29.45577049255371,111.06999969482422
2012-12-27,29.451438903808594,110.80000305175781
2012-12-28,29.074302673339844,110.62000274658203
2012-12-31,29.5858211517334,111.11000061035156
2013-01-02,30.28374481201172,112.47000122070312
2013-01-03,30.422460556030273,112.13999938964844
2013-01-04,30.59151840209961,111.30999755859375
2013-01-07,30.439809799194336,111.4000015258789
2013-01-08,30.01497459411621,111.94000244140625
2013-01-09,30.305416107177734,111.76000213623047
2013-01-10,30.353092193603516,111.88999938964844
2013-01-11,30.184036254882812,110.63999938964844
2013-01-14,30.11469078063965,111.87999725341797
2013-01-15,30.370437622070312,110.30000305175781
2013-01-16,30.071334838867188,110.61000061035156
2013-01-17,30.431135177612305,110.61000061035156
2013-01-18,30.561180114746094,110.61000061035156
2013-01-22,30.721576690673828,112.41999816894531
2013-01-23,30.80394172668457,112.80000305175781
2013-01-24,30.912307739257812,113.27999877929688
2013-01-25,30.894973754882812,113.27999877929688
2013-01-28,30.574190139770508,113.4800033569336
2013-01-29,30.561180114746094,114.36000061035156
2013-01-30,30.253400802612305,114.9000015258789
2013-01-31,29.95428466796875,115.55000305175781
2013-02-01,30.14937400817871,116.76000213623047
2013-02-04,29.897937774658203,115.5999984741211
2013-02-05,30.279401779174805,116.5199966430664
2013-02-06,30.28809356689453,116.7300033569336
2013-02-07,30.59151840209961,117.23999786376953
2013-02-08,30.756256103515625,118.9000015258789
2013-02-11,30.747575759887695,118.12999725341797
2013-02-12,30.799596786499023,118.66000366210938
2013-02-13,30.704225540161133,118.72000122070312
2013-02-14,30.730241775512695,118.58000183105469
2013-02-15,30.699901580810547,118.58000183105469
2013-02-19,30.842939376831055,117.5199966430664
2013-02-20,30.574190139770508,115.5999984741211
2013-02-21,30.31409454345703,113.52999877929688
2013-02-22,30.68254852294922,114.0999984741211
2013-02-25,30.1363582611084,114.44000244140625
2013-02-26,30.29241180419922,112.70999908447266
2013-02-27,30.86895179748535,111.87000274658203
2013-02-28,30.86028480529785,111.37999725341797
2013-03-01,30.760583877563477,110.4000015258789
2013-03-04,30.626211166381836,110.08999633789062
2013-03-05,31.016347885131836,111.61000061035156
2013-03-06,31.124713897705078,111.05999755859375
2013-03-07,31.354482650756836,111.1500015258789
2013-03-08,31.59288215637207,110.8499984741211
2013-03-11,31.731595993041992,110.22000122070312
2013-03-12,31.870323181152344,109.6500015258789
2013-03-13,32.21710968017578,108.5199966430664
2013-03-14,32.36450958251953,109.41999816894531
2013-03-15,32.56824493408203,109.37999725341797
2013-03-18,32.42084884643555,
2013-03-19,32.41218185424805,107.44999694824219
2013-03-20,32.598602294921875,108.72000122070312
2013-03-21,32.29948806762695,107.47000122070312
2013-03-22,32.30380630493164,107.66000366210938
2013-03-25,32.085086822509766,108.16999816894531
2013-03-26,32.36774826049805,109.36000061035156
2013-03-27,32.206825256347656,109.69000244140625
2013-03-28,32.50254821777344,110.0199966430664
2013-04-01,32.18075180053711,111.08000183105469
2013-04-02,31.88067626953125,110.69000244140625
2013-04-03,31.967660903930664,107.11000061035156
2013-04-04,32.03289031982422,106.33999633789062
2013-04-05,32.028533935546875,104.12000274658203
2013-04-08,32.211204528808594,104.66000366210938
2013-04-09,32.354698181152344,106.2300033569336
2013-04-10,32.78522872924805,105.79000091552734
2013-04-11,32.96787643432617,104.2699966430664
2013-04-12,32.8504638671875,103.11000061035156
2013-04-15,31.971996307373047,100.38999938964844
2013-04-16,32.09377670288086,100.36000061035156
2013-04-17,31.541481018066406,100.36000061035156
2013-04-18,31.254465103149414,99.12999725341797
2013-04-19,31.689334869384766,99.6500015258789
2013-04-22,31.732830047607422,100.38999938964844
2013-04-23,32.028533935546875,100.30999755859375
2013-04-24,32.476463317871094,101.7300033569336
2013-04-25,32.78522872924805,103.41000366210938
2013-04-26,32.65476608276367,103.16000366210938
2013-04-29,32.7547721862793,103.80999755859375
2013-04-30,32.91134262084961,102.37000274658203
2013-05-01,32.672157287597656,99.94999694824219
2013-05-02,32.95918273925781,102.8499984741211
2013-05-03,33.359256744384766,104.19000244140625
2013-05-06,33.520164489746094,105.45999908447266
2013-05-07,33.74195861816406,104.4000015258789
2013-05-08,33.74629592895508,104.33999633789062
2013-05-09,33.96807861328125,104.47000122070312
2013-05-10,34.12028884887695,103.91000366210938
2013-05-13,34.02460861206055,102.81999969482422
2013-05-14,34.46819305419922,102.5999984741211
2013-05-15,34.71607971191406,103.68000030517578
2013-05-16,34.52037811279297,103.80000305175781
2013-05-17,35.11179733276367,103.72000122070312
2013-05-20,35.150936126708984,103.72000122070312
2013-05-21,35.12049865722656,103.91000366210938
2013-05-22,34.694313049316406,102.5999984741211
2013-05-23,34.74650573730469,102.44000244140625
2013-05-24,34.87697982788086,102.63999938964844
2013-05-28,35.31184768676758,104.2300033569336
2013-05-29,35.03352737426758,102.43000030517578
2013-05-30,35.29445266723633,102.19000244140625
2013-05-31,35.0987548828125,100.38999938964844
2013-06-03,35.181392669677734,102.05999755859375
2013-06-04,34.95088577270508,103.23999786376953
2013-06-05,34.48123550415039,103.04000091552734
2013-06-06,34.91611099243164,103.61000061035156
2013-06-07,35.52058792114258,104.55999755859375
2013-06-10,35.42927551269531,103.94999694824219
2013-06-11,35.264007568359375,102.95999908447266
2013-06-12,34.963951110839844,103.48999786376953
2013-06-13,35.46840286254883,104.25
2013-06-14,35.31618881225586,104.29000091552734
2013-06-17,35.57712173461914,
2013-06-18,36.033729553222656,106.0199966430664
2013-06-19,35.50752639770508,106.12000274658203
2013-06-20,34.963951110839844,102.1500015258789
2013-06-21,34.920467376708984,100.91000366210938
2013-06-24,34.52906799316406,101.16000366210938
2013-06-25,34.58560562133789,101.26000213623047
2013-06-26,35.074012756347656,101.66000366210938
2013-06-27,35.68453598022461,102.81999969482422
2013-06-28,35.562416076660156,102.16000366210938
2013-07-01,36.002864837646484,103.0
2013-07-02,35.46647262573242,104.0
2013-07-03,35.776100158691406,105.76000213623047
2013-07-05,36.3604621887207,107.72000122070312
2013-07-08,36.62647247314453,107.43000030517578
2013-07-09,36.8924674987793,107.80999755859375
2013-07-10,37.12796401977539,108.51000213623047
2013-07-11,37.68614959716797,107.7300033569336
2013-07-12,37.43757247924805,108.80999755859375
2013-07-15,37.80824279785156,109.08999633789062
2013-07-16,37.50735855102539,109.4000015258789
2013-07-17,37.68614959716797,109.36000061035156
2013-07-18,38.06554412841797,
2013-07-19,38.22252655029297,108.06999969482422
2013-07-22,38.261783599853516,108.1500015258789
2013-07-23,38.5365104675293,108.41999816894531
2013-07-24,38.510345458984375,107.19000244140625
2013-07-25,38.715309143066406,107.6500015258789
2013-07-26,38.523406982421875,107.16999816894531
2013-07-29,38.37950897216797,107.44999694824219
2013-07-30,38.471073150634766,106.91000366210938
2013-07-31,38.59318542480469,107.69999694824219
2013-08-01,39.33452224731445,109.54000091552734
2013-08-02,39.617977142333984,108.94999694824219
2013-08-05,39.700843811035156,108.69999694824219
2013-08-06,39.33888244628906,108.18000030517578
2013-08-07,39.404296875,107.44000244140625
2013-08-08,39.47407150268555,106.68000030517578
2013-08-09,39.308353424072266,108.22000122070312
2013-08-12,39.168819427490234,108.97000122070312
2013-08-13,39.39121627807617,109.81999969482422
2013-08-14,39.12084197998047,110.19999694824219
2013-08-15,38.423126220703125,111.11000061035156
2013-08-16,38.449275970458984,111.16999816894531
2013-08-19,38.35334014892578,
2013-08-20,38.5059814453125,110.1500015258789
2013-08-21,38.33154296875,109.80999755859375
2013-08-22,38.78506088256836,109.9000015258789
2013-08-23,38.911529541015625,111.04000091552734
2013-08-26,38.82866668701172,110.7300033569336
2013-08-27,37.98268508911133,114.36000061035156
2013-08-28,38.07861328125,116.61000061035156
2013-08-29,38.38824462890625,115.16000366210938
2013-08-30,37.90855407714844,114.01000213623047
2013-09-03,38.29665756225586,115.68000030517578
2013-09-04,38.715309143066406,114.91000366210938
2013-09-05,38.8025016784668,115.26000213623047
2013-09-06,38.64552307128906,116.12000274658203
2013-09-09,39.116493225097656,113.72000122070312
2013-09-10,39.63105773925781,111.25
2013-09-11,39.94070053100586,111.5
2013-09-12,39.87090301513672,112.62999725341797
2013-09-13,40.119476318359375,112.77999877929688
2013-09-16,40.708194732666016,
2013-09-17,41.218387603759766,
2013-09-18,41.31869125366211,110.5999984741211
2013-09-19,41.32306671142578,108.76000213623047
2013-09-20,40.69947814941406,109.22000122070312
2013-09-23,40.38984680175781,108.16000366210938
2013-09-24,40.65757751464844,108.63999938964844
2013-09-25,40.4779167175293,108.31999969482422
2013-09-26,40.72768020629883,109.20999908447266
2013-09-27,40.63127899169922,108.62999725341797
2013-09-30,40.26322555541992,108.37000274658203
2013-10-01,40.63127899169922,107.94000244140625
2013-10-02,40.320167541503906,109.19000244140625
2013-10-03,39.71989440917969,109.0
2013-10-04,39.890785217285156,109.45999908447266
2013-10-07,39.82066345214844,109.68000030517578
2013-10-08,39.37812423706055,110.16000366210938
2013-10-09,39.233543395996094,109.05999755859375
2013-10-10,40.44723892211914,111.80000305175781
2013-10-11,40.732059478759766,111.27999877929688
2013-10-14,40.90294647216797,111.04000091552734
2013-10-15,40.285125732421875,109.95999908447266
2013-10-16,40.600608825683594,110.86000061035156
2013-10-17,41.16583251953125,110.97000122070312
2013-10-18,41.45503616333008,
2013-10-21,41.100120544433594,109.63999938964844
2013-10-22,41.34550094604492,109.97000122070312
2013-10-23,42.01588821411133,107.80000305175781
2013-10-24,42.31822204589844,106.98999786376953
2013-10-25,42.5241584777832,106.93000030517578
2013-10-28,42.29193115234375,109.61000061035156
2013-10-29,42.585506439208984,109.01000213623047
2013-10-30,42.44090270996094,109.86000061035156
2013-10-31,42.44968795776367,108.83999633789062
2013-11-01,42.69943618774414,105.91000366210938
2013-11-04,42.971099853515625,106.2300033569336
2013-11-05,43.06310272216797,105.33000183105469
2013-11-06,43.27342224121094,105.23999786376953
2013-11-07,42.69504165649414,103.45999908447266
2013-11-08,43.361087799072266,105.12000274658203
2013-11-11,43.25151824951172,106.4000015258789
2013-11-12,43.16826629638672,105.80999755859375
2013-11-13,43.47060775756836,107.12000274658203
2013-11-14,43.62395477294922,108.54000091552734
2013-11-15,43.689697265625,108.55000305175781
2013-11-18,43.952579498291016,
2013-11-19,43.847412109375,106.91999816894531
2013-11-20,43.6458625793457,108.05999755859375
2013-11-21,44.17605209350586,110.08000183105469
2013-11-22,44.723758697509766,111.05000305175781
2013-11-25,44.67557144165039,111.0
2013-11-26,45.021728515625,110.87999725341797
2013-11-27,45.40730285644531,111.30999755859375
2013-11-29,45.16193389892578,109.69000244140625
2013-12-02,44.88150405883789,111.44999694824219
2013-12-03,44.58354187011719,112.62000274658203
2013-12-04,44.14976501464844,111.87999725341797
2013-12-05,44.1848258972168,110.9800033569336
2013-12-06,44.76319885253906,111.61000061035156
2013-12-09,44.684329986572266,109.38999938964844
2013-12-10,44.53974151611328,109.37999725341797
2013-12-11,43.913143157958984,109.69999694824219
2013-12-12,44.09280014038086,108.66999816894531
2013-12-13,44.15852355957031,108.83000183105469
2013-12-16,44.67117691040039,110.47000122070312
2013-12-17,44.77633285522461,110.41000366210938
2013-12-18,45.385398864746094,
2013-12-19,45.11373519897461,110.29000091552734
2013-12-20,45.86299133300781,111.7699966430664
2013-12-23,45.977237701416016,111.55999755859375
2013-12-24,46.21894073486328,111.9000015258789
2013-12-26,46.61001968383789,111.9800033569336
2013-12-27,46.37272644042969,112.18000030517578
2013-12-30,46.25408935546875,111.20999908447266
2013-12-31,46.43863296508789,110.80000305175781
2014-01-02,45.928916931152344,107.77999877929688
2014-01-03,46.13543701171875,106.88999938964844
2014-01-06,46.06952667236328,106.7300033569336
2014-01-07,46.41667556762695,107.3499984741211
2014-01-08,46.61880874633789,107.1500015258789
2014-01-09,46.99673080444336,106.38999938964844
2014-01-10,47.21205139160156,107.25
2014-01-13,46.96157455444336,106.75
2014-01-14,47.23401641845703,106.38999938964844
2014-01-15,47.611900329589844,107.12999725341797
2014-01-16,47.70858383178711,107.08999633789062
2014-01-17,47.629486083984375,107.05999755859375
2014-01-21,47.84041213989258,
2014-01-22,48.552284240722656,108.2699966430664
2014-01-23,47.91514205932617,107.58000183105469
2014-01-24,46.29364013671875,107.87999725341797
2014-01-27,46.271663665771484,106.69000244140625
2014-01-28,46.53972244262695,107.41000366210938
2014-01-29,45.726776123046875,107.8499984741211
2014-01-30,45.950889587402344,107.94999694824219
2014-01-31,46.24530792236328,106.4000015258789
2014-02-03,44.86988830566406,106.04000091552734
2014-02-04,44.97095489501953,105.77999877929688
2014-02-05,44.96217727661133,106.25
2014-02-06,45.186283111572266,107.19000244140625
2014-02-07,46.056339263916016,109.56999969482422
2014-02-10,45.841026306152344,108.62999725341797
2014-02-11,46.42546081542969,108.68000030517578
2014-02-12,46.74184036254883,108.79000091552734
2014-02-13,47.04505920410156,108.7300033569336
2014-02-14,47.3834228515625,108.7300033569336
2014-02-18,47.6382942199707,
2014-02-19,47.1681022644043,110.47000122070312
2014-02-20,47.836021423339844,110.30000305175781
2014-02-21,47.77450942993164,109.8499984741211
2014-02-24,48.22713088989258,110.63999938964844
2014-02-25,47.79648208618164,109.51000213623047
2014-02-26,47.5811653137207,109.5199966430664
2014-02-27,48.11726760864258,108.95999908447266
2014-02-28,48.17878723144531,109.06999969482422
2014-03-03,48.19635772705078,111.19999694824219
2014-03-04,49.14992141723633,109.30000305175781
2014-03-05,49.101566314697266,107.76000213623047
2014-03-06,49.11914825439453,108.0999984741211
2014-03-07,49.11037063598633,109.0
2014-03-10,48.780799865722656,108.08000183105469
2014-03-11,48.17878723144531,108.55000305175781
2014-03-12,48.11286926269531,108.0199966430664
2014-03-13,47.44054412841797,107.38999938964844
2014-03-14,47.52404022216797,108.56999969482422
2014-03-17,48.02936935424805,108.54000091552734
2014-03-18,48.35456085205078,106.79000091552734
2014-03-19,47.871185302734375,105.8499984741211
2014-03-20,47.88875961303711,106.44999694824219
2014-03-21,47.66025924682617,106.91999816894531
2014-03-24,47.4713134765625,106.80999755859375
2014-03-25,47.77509689331055,106.98999786376953
2014-03-26,47.25556945800781,107.02999877929688
2014-03-27,46.907737731933594,107.83000183105469
2014-03-28,47.25114822387695,108.06999969482422
2014-03-31,48.06129455566406,107.76000213623047
2014-04-01,48.664451599121094,105.62000274658203
2014-04-02,48.93303298950195,104.79000091552734
2014-04-03,48.78773880004883,106.1500015258789
2014-04-04,47.61659622192383,106.72000122070312
2014-04-07,46.934146881103516,105.81999969482422
2014-04-08,46.67878723144531,107.66999816894531
2014-04-09,47.502113342285156,107.9800033569336
2014-04-10,46.34417724609375,107.45999908447266
2014-04-11,45.83345031738281,107.33000183105469
2014-04-14,46.15485763549805,109.06999969482422
2014-04-15,46.705204010009766,108.73999786376953
2014-04-16,47.39645004272461,108.80000305175781
2014-04-17,47.942405700683594,109.52999877929688
2014-04-21,48.00404357910156,109.94999694824219
2014-04-22,47.841129302978516,109.2699966430664
2014-04-23,48.32984924316406,109.11000061035156
2014-04-24,47.83232498168945,110.33000183105469
2014-04-25,47.189510345458984,109.58000183105469
2014-04-28,46.978179931640625,108.12000274658203
2014-04-29,47.57256317138672,108.9800033569336
2014-04-30,47.84993362426758,108.06999969482422
2014-05-01,47.70464324951172,107.76000213623047
2014-05-02,48.03046417236328,108.58999633789062
2014-05-05,48.580806732177734,107.72000122070312
2014-05-06,47.982032775878906,107.05999755859375
2014-05-07,48.351863861083984,108.12999725341797
2014-05-08,48.175758361816406,108.04000091552734
2014-05-09,48.25940704345703,107.88999938964844
2014-05-12,48.98147201538086,108.41000366210938
2014-05-13,48.98147201538086,109.23999786376953
2014-05-14,48.30782699584961,110.19000244140625
2014-05-15,47.55495071411133,110.44000244140625
2014-05-16,47.431678771972656,110.41999816894531
2014-05-19,47.576969146728516,109.37000274658203
2014-05-20,46.832881927490234,109.69000244140625
2014-05-21,47.07505416870117,110.55000305175781
2014-05-22,47.32600784301758,110.36000061035156
2014-05-23,47.748687744140625,110.54000091552734
2014-05-27,48.10970687866211,110.0199966430664
2014-05-28,47.99082946777344,109.80999755859375
2014-05-29,48.285823822021484,109.97000122070312
2014-05-30,48.3958854675293,109.41000366210938
2014-06-02,48.6380500793457,108.83000183105469
2014-06-03,48.598419189453125,108.81999969482422
2014-06-04,48.74372100830078,108.4000015258789
2014-06-05,49.501014709472656,108.79000091552734
2014-06-06,49.86202621459961,108.61000061035156
2014-06-09,50.27589416503906,109.98999786376953
2014-06-10,49.936885833740234,109.5199966430664
2014-06-11,49.360107421875,109.94999694824219
2014-06-12,48.74812698364258,113.0199966430664
2014-06-13,48.86699295043945,113.41000366210938
2014-06-16,48.93745040893555,113.22000122070312
2014-06-17,48.86699295043945,113.44999694824219
2014-06-18,48.9594612121582,114.26000213623047
2014-06-19,48.94184494018555,115.05999755859375
2014-06-20,49.0431022644043,114.80999755859375
2014-06-23,48.6468505859375,114.12000274658203
2014-06-24,47.99881362915039,114.45999908447266
2014-06-25,47.98994827270508,114.0
2014-06-26,47.86592102050781,113.20999908447266
2014-06-27,48.074119567871094,113.30000305175781
2014-06-30,47.768470764160156,112.36000061035156
2014-07-01,48.215850830078125,112.29000091552734
2014-07-02,47.781761169433594,111.23999786376953
2014-07-03,48.04310989379883,111.0
2014-07-07,47.750755310058594,110.23999786376953
2014-07-08,47.14833450317383,108.94000244140625
2014-07-09,47.312225341796875,108.27999877929688
2014-07-10,47.21034622192383,108.66999816894531
2014-07-11,47.44070053100586,106.66000366210938
2014-07-14,47.86592102050781,106.9800033569336
2014-07-15,47.79949188232422,106.0199966430664
2014-07-16,47.69316101074219,105.8499984741211
2014-07-17,47.086326599121094,105.95999908447266
2014-07-18,47.684322357177734,107.23999786376953
2014-07-21,47.9323616027832,107.68000030517578
2014-07-22,48.04310989379883,107.33000183105469
2014-07-23,47.54698944091797,108.02999877929688
2014-07-24,47.126182556152344,107.06999969482422
2014-07-25,46.67879104614258,108.38999938964844
2014-07-28,46.6522216796875,107.56999969482422
2014-07-29,46.26240921020508,107.72000122070312
2014-07-30,46.39530944824219,106.51000213623047
2014-07-31,45.47395324707031,106.0199966430664
2014-08-01,45.77073669433594,104.83999633789062
2014-08-04,45.73973083496094,105.41000366210938
2014-08-05,45.76188659667969,104.61000061035156
2014-08-06,45.274620056152344,104.58999633789062
2014-08-07,45.32334899902344,105.44000244140625
2014-08-08,46.058650970458984,105.0199966430664
2014-08-11,46.30671691894531,104.68000030517578
2014-08-12,45.992225646972656,103.0199966430664
2014-08-13,46.683223724365234,104.27999877929688
2014-08-14,46.833839416503906,102.01000213623047
2014-08-15,46.82053756713867,101.94999694824219
2014-08-18,47.52484130859375,101.5999984741211
2014-08-19,47.719757080078125,101.55999755859375
2014-08-20,48.087406158447266,102.27999877929688
2014-08-21,48.25128936767578,102.62999725341797
2014-08-22,48.18042755126953,102.29000091552734
2014-08-25,48.415184020996094,102.6500015258789
2014-08-26,48.4727783203125,102.5
2014-08-27,48.25572204589844,102.72000122070312
2014-08-28,48.065242767333984,102.45999908447266
2014-08-29,48.136131286621094,103.19000244140625
2014-09-02,48.31773376464844,100.33999633789062
2014-09-03,48.30445861816406,102.7699966430664
2014-09-04,48.153846740722656,101.83000183105469
2014-09-05,48.31773376464844,100.81999969482422
2014-09-08,48.44620895385742,100.19999694824219
2014-09-09,48.3974609375,99.16000366210938
2014-09-10,48.742984771728516,98.04000091552734
2014-09-11,48.751834869384766,98.08000183105469
2014-09-12,48.601226806640625,97.11000061035156
2014-09-15,48.57466125488281,96.6500015258789
2014-09-16,48.77842330932617,96.62999725341797
2014-09-17,48.8138542175293,98.97000122070312
2014-09-18,49.150489807128906,97.69999694824219
2014-09-19,49.05305099487305,98.38999938964844
2014-09-22,48.33988571166992,96.97000122070312
2014-09-23,47.821624755859375,96.8499984741211
2014-09-24,47.9778938293457,96.94999694824219
2014-09-25,47.44956588745117,97.0
2014-09-26,48.11555099487305,97.0
2014-09-29,47.929080963134766,97.19999694824219
2014-09-30,47.76479721069336,94.66999816894531
2014-10-01,46.77467727661133,94.16000366210938
2014-10-02,46.51716995239258,93.41999816894531
2014-10-03,47.14765167236328,92.30999755859375
2014-10-06,46.9389762878418,92.79000091552734
2014-10-07,45.88671112060547,92.11000061035156
2014-10-08,46.592647552490234,91.37999725341797
2014-10-09,45.65583038330078,90.05000305175781
2014-10-10,45.48267364501953,90.20999908447266
2014-10-13,44.81223678588867,88.88999938964844
2014-10-14,45.51374435424805,85.04000091552734
2014-10-15,45.336151123046875,83.77999877929688
2014-10-16,45.45159149169922,84.47000122070312
2014-10-17,46.25521469116211,84.54000091552734
2014-10-20,46.272979736328125,85.4000015258789
2014-10-21,46.9966926574707,86.22000122070312
2014-10-22,46.5082893371582,84.70999908447266
2014-10-23,47.258644104003906,86.83000183105469
2014-10-24,47.60940170288086,86.12999725341797
2014-10-27,47.67599868774414,85.83000183105469
2014-10-28,48.71493911743164,86.02999877929688
2014-10-29,48.524024963378906,87.12000274658203
2014-10-30,48.86146545410156,86.23999786376953
2014-10-31,49.372039794921875,85.86000061035156
2014-11-03,49.35873794555664,84.77999877929688
2014-11-04,49.34540557861328,82.81999969482422
2014-11-05,49.27882385253906,82.94999694824219
2014-11-06,49.50081253051758,82.86000061035156
2014-11-07,49.30101013183594,83.38999938964844
2014-11-10,49.42089080810547,82.33999633789062
2014-11-11,49.32765197753906,81.66999816894531
2014-11-12,49.505252838134766,80.37999725341797
2014-11-13,49.642879486083984,77.91999816894531
2014-11-14,49.5540771484375,77.73999786376953
2014-11-17,49.32765197753906,79.30999755859375
2014-11-18,49.92703628540039,78.47000122070312
2014-11-19,49.891536712646484,78.0999984741211
2014-11-20,49.998085021972656,79.33000183105469
2014-11-21,50.18012237548828,80.36000061035156
2014-11-24,50.50868225097656,79.68000030517578
2014-11-25,50.74398422241211,78.33000183105469
2014-11-26,50.74398422241211,77.75
2014-11-28,50.68183517456055,70.1500015258789
2014-12-01,50.162349700927734,72.54000091552734
2014-12-02,50.33551025390625,70.54000091552734
2014-12-03,50.708465576171875,69.91999816894531
2014-12-04,50.47316360473633,69.63999938964844
2014-12-05,50.90383529663086,69.06999969482422
2014-12-08,50.50868225097656,66.19000244140625
2014-12-09,50.85942459106445,66.83999633789062
2014-12-10,49.594032287597656,64.23999786376953
2014-12-11,49.571834564208984,63.68000030517578
2014-12-12,48.501827239990234,61.849998474121094
2014-12-15,48.319793701171875,61.060001373291016
2014-12-16,48.910301208496094,59.86000061035156
2014-12-17,49.2921257019043,59.79999923706055
2014-12-18,50.406558990478516,59.27000045776367
2014-12-19,50.57082748413086,61.380001068115234
2014-12-22,51.21905517578125,60.11000061035156
2014-12-23,51.50322341918945,61.689998626708984
2014-12-24,51.695899963378906,60.2400016784668
2014-12-26,51.86052322387695,59.45000076293945
2014-12-29,51.90501403808594,57.880001068115234
2014-12-30,51.67361831665039,57.900001525878906
2014-12-31,51.03288650512695,57.33000183105469
2015-01-02,50.93944549560547,56.41999816894531
2015-01-05,50.18302917480469,53.11000061035156
2015-01-06,49.862648010253906,51.099998474121094
2015-01-07,50.30315017700195,51.150001525878906
2015-01-08,51.29097366333008,50.959999084472656
2015-01-09,50.952796936035156,50.11000061035156
2015-01-12,50.56123733520508,47.43000030517578
2015-01-13,50.68136978149414,46.59000015258789
2015-01-14,50.530086517333984,48.689998626708984
2015-01-15,50.31650161743164,47.66999816894531
2015-01-16,50.47669219970703,47.689998626708984
2015-01-20,50.734764099121094,47.9900016784668
2015-01-21,50.868255615234375,49.029998779296875
2015-01-22,51.873870849609375,48.52000045776367
2015-01-23,51.98067855834961,48.790000915527344
2015-01-26,51.84716796875,48.15999984741211
2015-01-27,51.268733978271484,49.599998474121094
2015-01-28,51.15747833251953,48.470001220703125
2015-01-29,51.68699264526367,49.130001068115234
2015-01-30,50.90830612182617,52.9900016784668
2015-02-02,51.65584945678711,54.75
2015-02-03,52.505733489990234,57.90999984741211
2015-02-04,52.27433776855469,54.15999984741211
2015-02-05,52.688167572021484,56.56999969482422
2015-02-06,53.17317581176758,57.79999923706055
2015-02-09,52.78605270385742,58.34000015258789
2015-02-10,53.084171295166016,56.43000030517578
2015-02-11,53.03524398803711,54.65999984741211
2015-02-12,53.502437591552734,57.04999923706055
2015-02-13,53.87174987792969,57.38999938964844
2015-02-17,53.77386474609375,62.529998779296875
2015-02-18,54.21438217163086,60.529998779296875
2015-02-19,54.899635314941406,60.209999084472656
2015-02-20,55.55372619628906,60.220001220703125
2015-02-23,55.42023468017578,58.900001525878906
2015-02-24,55.53146743774414,58.65999984741211
2015-02-25,55.122108459472656,61.630001068115234
2015-02-26,54.91298294067383,60.04999923706055
2015-02-27,54.877376556396484,62.58000183105469
2015-03-02,55.6026611328125,59.540000915527344
2015-03-03,55.131011962890625,61.02000045776367
2015-03-04,54.899635314941406,60.54999923706055
2015-03-05,54.98417663574219,60.47999954223633
2015-03-06,54.35231399536133,59.72999954223633
2015-03-09,54.84622573852539,58.529998779296875
2015-03-10,53.974098205566406,56.38999938964844
2015-03-11,54.14764404296875,57.540000915527344
2015-03-12,54.8239860534668,57.08000183105469
2015-03-13,54.356773376464844,54.66999816894531
2015-03-16,55.0108642578125,53.439998626708984
2015-03-17,55.0108642578125,53.43000030517578
2015-03-18,55.55817794799805,55.90999984741211
2015-03-19,55.313438415527344,54.43000030517578
2015-03-20,55.682769775390625,55.31999969482422
2015-03-23,55.48252487182617,55.91999816894531
2015-03-24,55.500335693359375,55.11000061035156
2015-03-25,54.43119430541992,56.47999954223633
2015-03-26,54.560752868652344,59.189998626708984
2015-03-27,55.07455825805664,56.40999984741211
2015-03-30,55.7759895324707,56.290000915527344
2015-03-31,55.30241394042969,55.11000061035156
2015-04-01,55.052207946777344,57.099998474121094
2015-04-02,55.15943908691406,54.95000076293945
2015-04-06,55.66876220703125,58.119998931884766
2015-04-07,55.52579879760742,59.099998474121094
2015-04-08,55.90108871459961,55.54999923706055
2015-04-09,55.9189567565918,56.56999969482422
2015-04-10,56.030670166015625,57.869998931884766
2015-04-13,55.67770767211914,57.93000030517578
2015-04-14,55.6062126159668,58.43000030517578
2015-04-15,55.695579528808594,60.31999969482422
2015-04-16,55.61514663696289,60.400001525878906
2015-04-17,54.6903076171875,63.45000076293945
2015-04-20,55.3738899230957,63.45000076293945
2015-04-21,55.43196105957031,62.08000183105469
2015-04-22,55.409637451171875,62.72999954223633
2015-04-23,55.409637451171875,64.8499984741211
2015-04-24,55.01199722290039,65.27999877929688
2015-04-27,54.86902618408203,64.83000183105469
2015-04-28,54.967323303222656,64.63999938964844
2015-04-29,54.61882019042969,65.83999633789062
2015-04-30,53.65825271606445,66.77999877929688
2015-05-01,54.13185119628906,66.45999908447266
2015-05-04,54.26141357421875,66.44999694824219
2015-05-05,53.604644775390625,67.5199966430664
2015-05-06,53.63144302368164,67.7699966430664
2015-05-07,53.640384674072266,65.54000091552734
2015-05-08,54.395442962646484,65.38999938964844
2015-05-11,54.51606750488281,64.91000366210938
2015-05-12,54.44906234741211,66.86000061035156
2015-05-13,54.57416534423828,66.80999755859375
2015-05-14,55.30241394042969,66.58999633789062
2015-05-15,55.257720947265625,66.56999969482422
2015-05-18,55.43196105957031,66.2699966430664
2015-05-19,55.49005126953125,64.0199966430664
2015-05-20,55.44984817504883,65.02999877929688
2015-05-21,55.65536880493164,66.54000091552734
2015-05-22,55.235389709472656,65.37000274658203
2015-05-26,54.59202194213867,63.720001220703125
2015-05-27,54.873504638671875,62.060001373291016
2015-05-28,54.76180648803711,62.58000183105469
2015-05-29,54.31055450439453,65.55999755859375
2015-06-01,54.36865997314453,64.87999725341797
2015-06-02,54.4892692565918,65.48999786376953
2015-06-03,54.89136505126953,63.79999923706055
2015-06-04,53.95314025878906,62.029998779296875
2015-06-05,53.98887252807617,63.310001373291016
2015-06-08,53.74760818481445,62.689998626708984
2015-06-09,53.6180305480957,64.87999725341797
2015-06-10,54.35969924926758,65.69999694824219
2015-06-11,54.699256896972656,65.11000061035156
2015-06-12,54.50267791748047,63.869998931884766
2015-06-15,54.13631820678711,62.61000061035156
2015-06-16,54.43565368652344,62.630001068115234
2015-06-17,54.583091735839844,63.869998931884766
2015-06-18,55.16837692260742,64.26000213623047
2015-06-19,54.97624969482422,63.02000045776367
2015-06-22,55.15496063232422,63.34000015258789
2015-06-23,55.15943908691406,64.44999694824219
2015-06-24,54.645084381103516,63.4900016784668
2015-06-25,54.41679000854492,63.20000076293945
2015-06-26,54.4078369140625,63.2599983215332
2015-06-29,53.32451629638672,62.0099983215332
2015-06-30,53.33344268798828,63.59000015258789
2015-07-01,53.758705139160156,62.0099983215332
2015-07-02,53.346885681152344,62.06999969482422
2015-07-06,53.270782470703125,56.540000915527344
2015-07-07,53.530433654785156,56.849998474121094
2015-07-08,52.89923095703125,57.04999923706055
2015-07-09,53.1230583190918,58.61000061035156
2015-07-10,53.722900390625,58.72999954223633
2015-07-13,54.28247833251953,57.849998474121094
2015-07-14,54.63613510131836,58.5099983215332
2015-07-15,54.34516525268555,57.04999923706055
2015-07-16,54.761478424072266,57.5099983215332
2015-07-17,54.568973541259766,57.52000045776367
2015-07-20,54.560035705566406,56.650001525878906
2015-07-21,53.369266510009766,57.040000915527344
2015-07-22,52.872379302978516,56.130001068115234
2015-07-23,52.894744873046875,55.27000045776367
2015-07-24,52.1158447265625,54.619998931884766
2015-07-27,51.53836441040039,53.470001220703125
2015-07-28,52.20090103149414,53.29999923706055
2015-07-29,53.154396057128906,53.380001068115234
2015-07-30,52.89027786254883,53.310001373291016
2015-07-31,52.841041564941406,52.209999084472656
2015-08-03,52.53664016723633,49.52000045776367
2015-08-04,52.617210388183594,49.9900016784668
2015-08-05,52.97532653808594,49.59000015258789
2015-08-06,53.04696273803711,49.52000045776367
2015-08-07,52.77837371826172,48.61000061035156
2015-08-10,54.19742202758789,50.40999984741211
2015-08-11,53.65129470825195,49.18000030517578
2015-08-12,53.4364128112793,49.65999984741211
2015-08-13,53.758705139160156,49.220001220703125
2015-08-14,54.11684036254883,49.029998779296875
2015-08-17,54.32725143432617,49.029998779296875
2015-08-18,54.14818572998047,48.810001373291016
2015-08-19,53.78112030029297,47.15999984741211
2015-08-20,52.42024612426758,46.619998931884766
2015-08-21,51.198158264160156,45.459999084472656
2015-08-24,49.53289031982422,42.689998626708984
2015-08-25,49.05836868286133,43.209999084472656
2015-08-26,50.25359344482422,43.13999938964844
2015-08-27,51.13547134399414,47.560001373291016
2015-08-28,51.278724670410156,50.04999923706055
2015-08-31,50.79973602294922,54.150001525878906
2015-09-01,49.50153732299805,49.560001373291016
2015-09-02,50.6296272277832,50.5
2015-09-03,50.83555603027344,50.68000030517578
2015-09-04,50.13721466064453,49.61000061035156
2015-09-08,51.37273406982422,49.52000045776367
2015-09-09,51.04145050048828,47.58000183105469
2015-09-10,51.05043029785156,48.88999938964844
2015-09-11,51.18918991088867,48.13999938964844
2015-09-14,50.91164016723633,46.369998931884766
2015-09-15,51.39511489868164,46.630001068115234
2015-09-16,51.57416915893555,46.61000061035156
2015-09-17,51.45779037475586,49.08000183105469
2015-09-18,50.44609451293945,47.470001220703125
2015-09-21,50.66096496582031,48.91999816894531
2015-09-22,49.805946350097656,49.08000183105469
2015-09-23,49.26430130004883,47.75
2015-09-24,49.11656951904297,48.16999816894531
2015-09-25,49.03759002685547,48.599998474121094
2015-09-28,48.12675094604492,47.34000015258789
2015-09-29,48.292762756347656,48.22999954223633
2015-09-30,48.91642761230469,48.369998931884766
2015-10-01,48.73697280883789,47.689998626708984
2015-10-02,49.131805419921875,48.130001068115234
2015-10-05,50.21315002441406,49.25
2015-10-06,50.177268981933594,51.91999816894531
2015-10-07,50.90414810180664,51.33000183105469
2015-10-08,51.51437759399414,53.04999923706055
2015-10-09,51.78358459472656,52.650001525878906
2015-10-12,51.78806686401367,49.86000061035156
2015-10-13,51.26311492919922,49.2400016784668
2015-10-14,50.2176513671875,49.150001525878906
2015-10-15,50.73365020751953,48.709999084472656
2015-10-16,50.6035270690918,48.72999954223633
2015-10-19,50.576602935791016,48.61000061035156
2015-10-20,50.68430709838867,48.709999084472656
2015-10-21,50.850303649902344,47.849998474121094
2015-10-22,52.11561965942383,48.08000183105469
2015-10-23,52.33548355102539,47.9900016784668
2015-10-26,52.173946380615234,47.540000915527344
2015-10-27,52.27714920043945,46.810001373291016
2015-10-28,53.286705017089844,49.04999923706055
2015-10-29,53.34503173828125,48.79999923706055
2015-10-30,53.053375244140625,49.560001373291016
2015-11-02,53.6905403137207,48.790000915527344
2015-11-03,53.55143737792969,50.540000915527344
2015-11-04,53.4302864074707,48.58000183105469
2015-11-05,53.61874008178711,47.97999954223633
2015-11-06,53.502071380615234,47.41999816894531
2015-11-09,52.82455062866211,47.189998626708984
2015-11-10,52.78865432739258,47.439998626708984
2015-11-11,52.61366271972656,45.810001373291016
2015-11-12,51.79704284667969,44.060001373291016
2015-11-13,51.43810272216797,43.61000061035156
2015-11-16,52.676490783691406,43.58000183105469
2015-11-17,52.694435119628906,43.56999969482422
2015-11-18,53.147621154785156,44.13999938964844
2015-11-19,53.506568908691406,44.18000030517578
2015-11-20,53.968719482421875,44.65999984741211
2015-11-23,53.95975112915039,44.83000183105469
2015-11-24,54.21101760864258,46.119998931884766
2015-11-25,54.12576675415039,46.16999816894531
2015-11-27,54.143707275390625,44.86000061035156
2015-11-30,53.820655822753906,44.61000061035156
2015-12-01,54.1123046875,44.439998626708984
2015-12-02,53.681556701660156,42.4900016784668
2015-12-03,53.06236267089844,43.84000015258789
2015-12-04,53.820655822753906,43.0
2015-12-07,53.757835388183594,40.72999954223633
2015-12-08,53.1700439453125,40.2599983215332
2015-12-09,52.721351623535156,40.11000061035156
2015-12-10,53.16556930541992,39.72999954223633
2015-12-11,52.36239242553711,37.93000030517578
2015-12-14,52.187416076660156,37.91999816894531
2015-12-15,52.348934173583984,38.45000076293945
2015-12-16,53.08927917480469,37.189998626708984
2015-12-17,52.46560287475586,37.18000030517578
2015-12-18,51.666927337646484,36.880001068115234
2015-12-21,52.380348205566406,36.349998474121094
2015-12-22,52.89634323120117,36.11000061035156
2015-12-23,53.309139251708984,37.36000061035156
2015-12-24,53.3113899230957,37.88999938964844
2015-12-28,53.11807632446289,36.619998931884766
2015-12-29,53.84634780883789,37.790000915527344
2015-12-30,53.554134368896484,36.459999084472656
2015-12-31,53.145057678222656,37.279998779296875
2016-01-04,52.49320983886719,37.220001220703125
2016-01-05,53.145057678222656,36.41999816894531
2016-01-06,52.542667388916016,34.22999954223633
2016-01-07,51.27944564819336,33.75
2016-01-08,50.55569076538086,33.54999923706055
2016-01-11,50.744503021240234,31.549999237060547
2016-01-12,51.15807342529297,30.860000610351562
2016-01-13,49.76449203491211,30.309999465942383
2016-01-14,49.94880676269531,31.030000686645508
2016-01-15,49.02273941040039,31.010000228881836
2016-01-19,48.70805740356445,28.760000228881836
2016-01-20,48.3304443359375,27.8799991607666
2016-01-21,48.13713455200195,29.25
2016-01-22,48.90585708618164,32.18000030517578
2016-01-25,48.348419189453125,30.5
2016-01-26,49.18008041381836,31.799999237060547
2016-01-27,47.94832229614258,33.099998474121094
2016-01-28,48.09217834472656,33.88999938964844
2016-01-29,49.18907928466797,34.7400016784668
2016-02-01,49.01374435424805,34.689998626708984
2016-02-02,47.91236877441406,32.720001220703125
2016-02-03,48.694576263427734,35.040000915527344
2016-02-04,49.00925827026367,34.459999084472656
2016-02-05,48.312477111816406,34.060001373291016
2016-02-08,47.95283508300781,32.880001068115234
2016-02-09,47.66960906982422,30.31999969482422
2016-02-10,47.77301025390625,30.84000015258789
2016-02-11,46.41089630126953,30.059999465942383
2016-02-12,46.80649185180664,33.36000061035156
2016-02-16,47.79098892211914,32.18000030517578
2016-02-17,48.58668518066406,34.5
2016-02-18,48.829437255859375,34.279998779296875
2016-02-19,48.694576263427734,33.0099983215332
2016-02-22,49.499267578125,34.689998626708984
2016-02-23,49.51274108886719,33.27000045776367
2016-02-24,49.48577880859375,34.40999984741211
2016-02-25,50.30394744873047,35.290000915527344
2016-02-26,50.5286979675293,35.099998474121094
2016-02-29,50.4253044128418,35.970001220703125
2016-03-01,50.825408935546875,35.959999084472656
2016-03-02,51.03669738769531,36.93000030517578
2016-03-03,51.221012115478516,37.06999969482422
2016-03-04,51.544681549072266,38.720001220703125
2016-03-07,51.39183044433594,40.84000015258789
2016-03-08,50.88385009765625,39.650001525878906
2016-03-09,51.126617431640625,41.06999969482422
2016-03-10,50.77145004272461,40.04999923706055
2016-03-11,51.54018783569336,40.38999938964844
2016-03-14,51.405330657958984,39.529998779296875
2016-03-15,51.24348831176758,38.7400016784668
2016-03-16,51.805416107177734,40.33000183105469
2016-03-17,52.623573303222656,41.540000915527344
2016-03-18,53.252967834472656,41.20000076293945
2016-03-21,53.32937240600586,41.540000915527344
2016-03-22,53.18102264404297,41.790000915527344
2016-03-23,52.86865997314453,40.470001220703125
2016-03-24,52.43141555786133,40.439998626708984
2016-03-28,52.287174224853516,40.27000045776367
2016-03-29,52.94976806640625,39.13999938964844
2016-03-30,53.003883361816406,39.2599983215332
2016-03-31,52.6883544921875,39.599998474121094
2016-04-01,52.864139556884766,39.65999984741211
2016-04-04,52.44042205810547,37.689998626708984
2016-04-05,52.47200393676758,37.869998931884766
2016-04-06,52.9362678527832,39.84000015258789
2016-04-07,52.77850341796875,39.43000030517578
2016-04-08,52.877647399902344,41.939998626708984
2016-04-11,52.828086853027344,42.83000183105469
2016-04-12,53.22023391723633,44.689998626708984
2016-04-13,53.95045471191406,44.18000030517578
2016-04-14,53.85129165649414,43.84000015258789
2016-04-15,53.8963623046875,43.099998474121094
2016-04-18,54.2073974609375,42.90999984741211
2016-04-19,54.24795150756836,44.029998779296875
2016-04-20,54.29753494262695,45.79999923706055
2016-04-21,54.112728118896484,44.529998779296875
2016-04-22,54.41924285888672,45.11000061035156
2016-04-25,53.92792510986328,44.47999954223633
2016-04-26,54.84744644165039,45.7400016784668
2016-04-27,55.667816162109375,47.18000030517578
2016-04-28,55.212554931640625,48.13999938964844
2016-04-29,54.93309783935547,48.130001068115234
2016-05-02,55.28467559814453,48.099998474121094
2016-05-03,54.897029876708984,46.75
2016-05-04,54.47332763671875,44.619998931884766
2016-05-05,54.77983474731445,45.0099983215332
2016-05-06,55.17198181152344,45.369998931884766
2016-05-09,55.135921478271484,43.630001068115234
2016-05-10,56.29887390136719,45.52000045776367
2016-05-11,55.75796127319336,47.599998474121094
2016-05-12,55.98333740234375,48.08000183105469
2016-05-13,55.35679626464844,47.83000183105469
2016-05-16,56.019405364990234,48.970001220703125
2016-05-17,55.61371612548828,49.279998779296875
2016-05-18,55.56865692138672,48.93000030517578
2016-05-19,55.063819885253906,48.810001373291016
2016-05-20,55.59569549560547,48.720001220703125
2016-05-23,55.18101119995117,48.349998474121094
2016-05-24,55.7669792175293,48.61000061035156
2016-05-25,55.974327087402344,49.7400016784668
2016-05-26,56.13208770751953,49.59000015258789
2016-05-27,56.22675323486328,49.31999969482422
2016-05-31,55.90671157836914,49.689998626708984
2016-06-01,56.1996955871582,49.709999084472656
2016-06-02,56.38903045654297,50.040000915527344
2016-06-03,56.33943557739258,49.63999938964844
2016-06-06,56.871334075927734,50.54999923706055
2016-06-07,57.065147399902344,51.439998626708984
2016-06-08,57.349117279052734,52.5099983215332
2016-06-09,57.412227630615234,51.95000076293945
2016-06-10,56.745113372802734,50.540000915527344
2016-06-13,56.028411865234375,50.349998474121094
2016-06-14,56.00136184692383,49.83000183105469
2016-06-15,56.028411865234375,48.970001220703125
2016-06-16,55.93825912475586,47.189998626708984
2016-06-17,55.920249938964844,49.16999816894531
2016-06-20,56.4385986328125,50.650001525878906
2016-06-21,56.304847717285156,50.619998931884766
2016-06-22,56.2280158996582,49.880001068115234
2016-06-23,56.77480697631836,50.90999984741211
2016-06-24,55.00342559814453,48.40999984741211
2016-06-27,53.774295806884766,47.15999984741211
2016-06-28,54.2713623046875,48.58000183105469
2016-06-29,55.18416976928711,50.61000061035156
2016-06-30,56.4539794921875,49.68000030517578
2016-07-01,56.56241226196289,49.84000015258789
2016-07-05,55.7580680847168,47.959999084472656
2016-07-06,56.08793640136719,48.79999923706055
2016-07-07,56.020172119140625,46.400001525878906
2016-07-08,57.14987564086914,46.7599983215332
2016-07-11,57.56560516357422,46.25
2016-07-12,57.6876220703125,48.470001220703125
2016-07-13,57.615318298339844,46.2599983215332
2016-07-14,57.737327575683594,47.369998931884766
2016-07-15,57.88191223144531,47.61000061035156
2016-07-18,57.800594329833984,46.959999084472656
2016-07-19,58.049129486083984,46.65999984741211
2016-07-20,58.315731048583984,47.16999816894531
2016-07-21,57.85029602050781,46.20000076293945
2016-07-22,57.967769622802734,45.689998626708984
2016-07-25,57.79154968261719,44.720001220703125
2016-07-26,58.43323516845703,44.869998931884766
2016-07-27,58.68626022338867,43.470001220703125
2016-07-28,58.28409957885742,42.70000076293945
2016-07-29,58.523590087890625,42.459999084472656
2016-08-01,58.776668548583984,42.45000076293945
2016-08-02,58.35639572143555,41.79999923706055
2016-08-03,58.68178176879883,43.099998474121094
2016-08-04,58.668216705322266,44.290000915527344
2016-08-05,59.21495819091797,44.27000045776367
2016-08-08,59.016151428222656,45.38999938964844
2016-08-09,59.237571716308594,44.97999954223633
2016-08-10,58.96644592285156,44.04999923706055
2016-08-11,59.350563049316406,46.040000915527344
2016-08-12,59.31892395019531,46.970001220703125
2016-08-15,59.97868728637695,48.349998474121094
2016-08-16,59.30537033081055,49.22999954223633
2016-08-17,59.43190002441406,49.849998474121094
2016-08-18,59.78887939453125,50.88999938964844
2016-08-19,59.77985382080078,50.880001068115234
2016-08-22,59.82051086425781,49.15999984741211
2016-08-23,59.6713981628418,49.959999084472656
2016-08-24,59.53582000732422,49.04999923706055
2016-08-25,59.53582000732422,49.66999816894531
2016-08-26,59.242088317871094,49.91999816894531
2016-08-29,59.59457015991211,49.2599983215332
2016-08-30,59.30537033081055,48.369998931884766
2016-08-31,58.83991622924805,47.040000915527344
2016-09-01,59.08393478393555,47.04999923706055
2016-09-02,59.51321792602539,46.83000183105469
2016-09-06,59.44997787475586,47.2599983215332
2016-09-07,59.34151840209961,47.97999954223633
2016-09-08,59.210479736328125,49.9900016784668
2016-09-09,57.741825103759766,48.0099983215332
2016-09-12,58.30217742919922,48.31999969482422
2016-09-13,57.45714569091797,47.099998474121094
2016-09-14,57.10017395019531,45.849998474121094
2016-09-15,57.66502380371094,46.59000015258789
2016-09-16,56.9691162109375,45.77000045776367
2016-09-19,57.30801773071289,45.95000076293945
2016-09-20,57.10017395019531,45.880001068115234
2016-09-21,57.9361686706543,46.83000183105469
2016-09-22,58.65916061401367,47.650001525878906
2016-09-23,58.49647521972656,45.88999938964844
2016-09-26,58.332435607910156,47.349998474121094
2016-09-27,58.658714294433594,45.970001220703125
2016-09-28,58.99856948852539,48.689998626708984
2016-09-29,58.21464157104492,49.2400016784668
2016-09-30,58.48198318481445,49.060001373291016
2016-10-03,58.52276611328125,49.099998474121094
2016-10-04,58.17837142944336,50.869998931884766
2016-10-05,58.554481506347656,51.86000061035156
2016-10-06,58.545413970947266,52.5099983215332
2016-10-07,57.82493591308594,51.93000030517578
2016-10-10,58.065093994140625,
2016-10-11,57.17241287231445,52.40999984741211
2016-10-12,57.25397872924805,51.810001373291016
2016-10-13,57.16335678100586,52.029998779296875
2016-10-14,57.17241287231445,51.95000076293945
2016-10-17,57.29476547241211,51.52000045776367
2016-10-18,57.74336242675781,51.68000030517578
2016-10-19,57.707115173339844,52.66999816894531
2016-10-20,57.580230712890625,51.380001068115234
2016-10-21,57.38539505004883,51.779998779296875
2016-10-24,57.96540832519531,51.459999084472656
2016-10-25,58.61339569091797,50.790000915527344
2016-10-26,59.24778747558594,49.97999954223633
2016-10-27,58.608856201171875,50.470001220703125
2016-10-28,58.94870376586914,49.709999084472656
2016-10-31,59.03028869628906,48.29999923706055
2016-11-01,58.749324798583984,48.33000183105469
2016-11-02,58.223690032958984,46.86000061035156
2016-11-03,57.85212326049805,46.349998474121094
2016-11-04,57.92009735107422,45.58000183105469
2016-11-07,58.975914001464844,46.150001525878906
2016-11-08,59.0212287902832,46.040000915527344
2016-11-09,61.56784439086914,46.36000061035156
2016-11-10,62.60099411010742,45.84000015258789
2016-11-11,63.969486236572266,
2016-11-14,64.1598129272461,44.43000030517578
2016-11-15,63.756500244140625,46.95000076293945
2016-11-16,63.507293701171875,46.630001068115234
2016-11-17,63.54806900024414,46.4900016784668
2016-11-18,63.471046447753906,46.86000061035156
2016-11-21,63.69761276245117,48.900001525878906
2016-11-22,64.51325225830078,49.119998931884766
2016-11-23,64.88936614990234,48.95000076293945
2016-11-25,65.28810119628906,47.2400016784668
2016-11-28,65.12953186035156,48.2400016784668
2016-11-29,65.32439422607422,46.380001068115234
2016-11-30,64.939208984375,50.470001220703125
2016-12-01,65.19749450683594,50.459999084472656
2016-12-02,65.24732971191406,54.459999084472656
2016-12-05,65.42405700683594,54.939998626708984
2016-12-06,65.67782592773438,53.93000030517578
2016-12-07,66.25785064697266,53.0
2016-12-08,65.62796783447266,53.88999938964844
2016-12-09,65.763916015625,54.33000183105469
2016-12-12,65.01171112060547,55.689998626708984
2016-12-13,64.73074340820312,55.720001220703125
2016-12-14,64.12809753417969,53.900001525878906
2016-12-15,64.32292175292969,54.02000045776367
2016-12-16,64.21416473388672,55.209999084472656
2016-12-19,64.69452667236328,54.91999816894531
2016-12-20,64.97998809814453,55.349998474121094
2016-12-21,64.67527770996094,54.459999084472656
2016-12-22,64.67073822021484,55.04999923706055
2016-12-23,64.68437957763672,55.15999984741211
2016-12-27,64.85264587402344,56.09000015258789
2016-12-28,64.22957611083984,56.220001220703125
2016-12-29,64.2978286743164,56.13999938964844
2016-12-30,63.906673431396484,56.130001068115234
2017-01-03,64.75711059570312,55.470001220703125
2017-01-04,65.19828033447266,56.459999084472656
2017-01-05,65.14370727539062,56.88999938964844
2017-01-06,65.334716796875,57.099998474121094
2017-01-09,64.80717468261719,54.939998626708984
2017-01-10,64.91632843017578,53.63999938964844
2017-01-11,64.86174011230469,55.099998474121094
2017-01-12,64.51609802246094,56.0099983215332
2017-01-13,64.77987670898438,55.45000076293945
2017-01-17,63.997650146484375,55.470001220703125
2017-01-18,64.2978286743164,53.91999816894531
2017-01-19,64.83445739746094,54.15999984741211
2017-01-20,64.57523345947266,55.4900016784668
2017-01-23,64.23868560791016,55.22999954223633
2017-01-24,64.81626892089844,55.439998626708984
2017-01-25,64.94813537597656,55.08000183105469
2017-01-26,65.03910064697266,56.2400016784668
2017-01-27,65.19828033447266,55.52000045776367
2017-01-30,64.697998046875,55.22999954223633
2017-01-31,64.75711059570312,55.70000076293945
2017-02-01,64.75711059570312,55.65999984741211
2017-02-02,64.77533721923828,56.560001373291016
2017-02-03,65.68946838378906,56.810001373291016
2017-02-06,65.93049621582031,55.720001220703125
2017-02-07,66.17607116699219,55.04999923706055
2017-02-08,65.88500213623047,55.119998931884766
2017-02-09,66.29430389404297,55.630001068115234
2017-02-10,67.1402359008789,56.70000076293945
2017-02-13,67.58137512207031,55.59000015258789
2017-02-14,67.52679443359375,55.970001220703125
2017-02-15,67.80419921875,55.75
2017-02-16,68.06344604492188,55.650001525878906
2017-02-17,68.37724304199219,55.810001373291016
2017-02-21,68.76835632324219,56.65999984741211
2017-02-22,68.7456283569336,55.84000015258789
2017-02-23,68.32723236083984,56.58000183105469
2017-02-24,68.45455932617188,55.9900016784668
2017-02-27,69.31412506103516,55.93000030517578
2017-02-28,69.02304077148438,55.59000015258789
2017-03-01,70.01903533935547,55.599998474121094
2017-03-02,69.30501556396484,55.08000183105469
2017-03-03,69.0594253540039,55.900001525878906
2017-03-06,68.87295532226562,56.0099983215332
2017-03-07,68.78656005859375,55.91999816894531
2017-03-08,68.57733154296875,53.11000061035156
2017-03-09,68.40907287597656,52.189998626708984
2017-03-10,68.39542388916016,51.369998931884766
2017-03-13,68.66830444335938,51.349998474121094
2017-03-14,68.29993438720703,50.91999816894531
2017-03-15,68.8138427734375,51.810001373291016
2017-03-16,68.60464477539062,51.7400016784668
2017-03-17,69.36412048339844,51.7599983215332
2017-03-20,69.10491943359375,51.619998931884766
2017-03-21,67.69049072265625,50.959999084472656
2017-03-22,67.66777038574219,50.63999938964844
2017-03-23,67.69962310791016,50.560001373291016
2017-03-24,67.0953140258789,50.79999923706055
2017-03-27,66.9905014038086,50.75
2017-03-28,67.71964263916016,51.33000183105469
2017-03-29,67.63764953613281,52.41999816894531
2017-03-30,68.06148529052734,52.959999084472656
2017-03-31,67.77892303466797,52.83000183105469
2017-04-03,67.52822875976562,53.119998931884766
2017-04-04,67.79256439208984,54.16999816894531
2017-04-05,67.17731475830078,54.36000061035156
2017-04-06,67.63764953613281,54.88999938964844
2017-04-07,68.17086791992188,55.2400016784668
2017-04-10,68.23921966552734,55.97999954223633
2017-04-11,68.69950866699219,56.22999954223633
2017-04-12,67.70600128173828,55.86000061035156
2017-04-13,67.31861877441406,55.88999938964844
2017-04-17,68.19364929199219,55.36000061035156
2017-04-18,68.06148529052734,54.88999938964844
2017-04-19,68.11616516113281,52.93000030517578
2017-04-20,68.63114929199219,52.9900016784668
2017-04-21,68.98663330078125,51.959999084472656
2017-04-24,69.90270233154297,51.599998474121094
2017-04-25,70.05764770507812,52.099998474121094
2017-04-26,70.20805358886719,51.81999969482422
2017-04-27,70.34476470947266,51.439998626708984
2017-04-28,70.07589721679688,51.72999954223633
2017-05-01,69.78419494628906,51.52000045776367
2017-05-02,69.94371032714844,50.459999084472656
2017-05-03,69.69303894042969,50.790000915527344
2017-05-04,69.76596069335938,48.380001068115234
2017-05-05,70.3949203491211,49.099998474121094
2017-05-08,70.29008483886719,49.34000015258789
2017-05-09,70.32654571533203,48.72999954223633
2017-05-10,70.04853820800781,50.220001220703125
2017-05-11,70.01663208007812,50.77000045776367
2017-05-12,69.67483520507812,50.84000015258789
2017-05-15,70.0667724609375,51.81999969482422
2017-05-16,70.12602996826172,51.650001525878906
2017-05-17,68.82715606689453,52.209999084472656
2017-05-18,68.74052429199219,52.5099983215332
2017-05-19,69.7978744506836,53.61000061035156
2017-05-22,70.40402221679688,53.869998931884766
2017-05-23,70.67290496826172,54.150001525878906
2017-05-24,71.13323211669922,53.959999084472656
2017-05-25,71.81229400634766,51.459999084472656
2017-05-26,71.81229400634766,52.150001525878906
2017-05-30,71.51150512695312,51.84000015258789
2017-05-31,71.92166900634766,50.310001373291016
2017-06-01,72.22699737548828,50.33000183105469
2017-06-02,72.69641876220703,49.95000076293945
2017-06-05,72.03104400634766,49.470001220703125
2017-06-06,71.41119384765625,50.119998931884766
2017-06-07,71.32006072998047,48.060001373291016
2017-06-08,71.91254425048828,47.86000061035156
2017-06-09,72.03104400634766,48.150001525878906
2017-06-12,71.73936462402344,48.290000915527344
2017-06-13,72.15866088867188,48.720001220703125
2017-06-14,72.21790313720703,47.0
2017-06-15,72.3682861328125,46.91999816894531
2017-06-16,72.19054412841797,47.369998931884766
2017-06-19,72.74202728271484,46.90999984741211
2017-06-20,72.1632080078125,46.02000045776367
2017-06-21,71.88064575195312,44.81999969482422
2017-06-22,71.55706787109375,45.220001220703125
2017-06-23,71.85787963867188,45.540000915527344
2017-06-26,71.4568099975586,45.83000183105469
2017-06-27,71.02600860595703,46.650001525878906
2017-06-28,72.04932403564453,47.310001373291016
2017-06-29,71.40975189208984,47.41999816894531
2017-06-30,71.8848876953125,47.91999816894531
2017-07-03,72.34172058105469,49.68000030517578
2017-07-05,73.06808471679688,47.790000915527344
2017-07-06,72.4924545288086,48.11000061035156
2017-07-07,73.29195404052734,46.709999084472656
2017-07-10,73.45643615722656,46.880001068115234
2017-07-11,73.83561706542969,47.52000045776367
2017-07-12,74.19650268554688,47.7400016784668
2017-07-13,74.07775115966797,48.41999816894531
2017-07-14,74.47976684570312,48.90999984741211
2017-07-17,74.5208511352539,48.41999816894531
2017-07-18,74.20565032958984,48.84000015258789
2017-07-19,74.799560546875,49.70000076293945
2017-07-20,74.69902801513672,49.29999923706055
2017-07-21,74.9320297241211,48.060001373291016
2017-07-24,75.0782241821289,48.599998474121094
2017-07-25,75.12391662597656,50.20000076293945
2017-07-26,75.133056640625,50.970001220703125
2017-07-27,75.00057220458984,51.4900016784668
2017-07-28,75.68583679199219,52.52000045776367
2017-07-31,75.33406829833984,52.650001525878906
2017-08-01,75.70409393310547,52.630001068115234
2017-08-02,76.10611724853516,52.36000061035156
2017-08-03,76.66350555419922,52.0099983215332
2017-08-04,76.73201751708984,52.41999816894531
2017-08-07,77.00155639648438,52.369998931884766
2017-08-08,76.9101791381836,52.13999938964844
2017-08-09,76.95586395263672,52.70000076293945
2017-08-10,76.2706069946289,51.900001525878906
2017-08-11,76.43049621582031,52.099998474121094
2017-08-14,77.14775848388672,50.72999954223633
2017-08-15,76.86907196044922,50.79999923706055
2017-08-16,76.82339477539062,50.27000045776367
2017-08-17,75.72693634033203,51.029998779296875
2017-08-18,75.65843963623047,52.720001220703125
2017-08-21,75.70867156982422,51.65999984741211
2017-08-22,76.581298828125,51.869998931884766
2017-08-23,76.32083892822266,52.56999969482422
2017-08-24,76.33914184570312,52.040000915527344
2017-08-25,76.28429412841797,52.40999984741211
2017-08-28,76.13813018798828,51.88999938964844
2017-08-29,77.23455810546875,52.0
2017-08-30,77.66397094726562,50.86000061035156
2017-08-31,78.10257720947266,52.380001068115234
2017-09-01,77.89238739013672,52.31999969482422
2017-09-05,77.21170806884766,53.380001068115234
2017-09-06,76.64522552490234,54.20000076293945
2017-09-07,76.75029754638672,54.4900016784668
2017-09-08,76.77767944335938,53.779998779296875
2017-09-11,77.6594009399414,53.84000015258789
2017-09-12,77.49951934814453,54.27000045776367
2017-09-13,77.2619400024414,55.15999984741211
2017-09-14,77.66397094726562,55.470001220703125
2017-09-15,78.1345443725586,55.619998931884766
2017-09-18,79.49594116210938,55.47999954223633
2017-09-19,80.12638854980469,55.13999938964844
2017-09-20,80.62890625,56.290000915527344
2017-09-21,81.09032440185547,56.43000030517578
2017-09-22,81.25022888183594,56.86000061035156
2017-09-25,80.89389038085938,59.02000045776367
2017-09-26,81.27824401855469,58.439998626708984
2017-09-27,81.99839782714844,57.900001525878906
2017-09-28,81.40667724609375,57.40999984741211
2017-09-29,81.66358184814453,57.540000915527344
2017-10-02,82.74603271484375,56.119998931884766
2017-10-03,82.75521850585938,56.0
2017-10-04,83.01206970214844,55.79999923706055
2017-10-05,83.52120971679688,57.0
2017-10-06,83.48912048339844,55.619998931884766
2017-10-09,83.64505767822266,55.790000915527344
2017-10-10,83.6129379272461,56.61000061035156
2017-10-11,83.39277648925781,56.939998626708984
2017-10-12,83.91107177734375,56.25
2017-10-13,83.53038024902344,57.16999816894531
2017-10-16,83.50286865234375,57.81999969482422
2017-10-17,83.20931243896484,57.880001068115234
2017-10-18,83.34231567382812,58.150001525878906
2017-10-19,83.34231567382812,57.22999954223633
2017-10-20,84.39730834960938,57.75
2017-10-23,83.80558776855469,57.369998931884766
2017-10-24,83.91107177734375,58.33000183105469
2017-10-25,83.66340637207031,58.439998626708984
2017-10-26,82.95245361328125,59.29999923706055
2017-10-27,82.85613250732422,60.439998626708984
2017-10-30,82.78272247314453,60.900001525878906
2017-10-31,82.77816009521484,61.369998931884766
2017-11-01,82.66348266601562,61.290000915527344
2017-11-02,84.11748504638672,60.619998931884766
2017-11-03,83.55789947509766,62.06999969482422
2017-11-06,83.68633270263672,64.2699966430664
2017-11-07,83.6175537109375,63.689998626708984
2017-11-08,83.88357543945312,63.4900016784668
2017-11-09,82.64054107666016,63.93000030517578
2017-11-10,82.20478820800781,63.52000045776367
2017-11-13,81.78279113769531,63.15999984741211
2017-11-14,81.90206146240234,62.209999084472656
2017-11-15,81.45716857910156,61.869998931884766
2017-11-16,82.11767578125,61.36000061035156
2017-11-17,81.65438079833984,62.720001220703125
2017-11-20,82.333251953125,62.220001220703125
2017-11-21,83.24141693115234,62.56999969482422
2017-11-22,82.8607177734375,63.31999969482422
2017-11-24,83.08086395263672,63.86000061035156
2017-11-27,83.13131713867188,63.84000015258789
2017-11-28,84.16336059570312,63.61000061035156
2017-11-29,84.19088745117188,63.11000061035156
2017-11-30,85.24126434326172,63.56999969482422
2017-12-01,84.0165786743164,63.4900016784668
2017-12-04,83.97530364990234,62.45000076293945
2017-12-05,83.30104064941406,62.86000061035156
2017-12-06,84.01200866699219,61.220001220703125
2017-12-07,84.65876007080078,62.20000076293945
2017-12-08,84.78718566894531,63.400001525878906
2017-12-11,84.21839141845703,64.69000244140625
2017-12-12,84.5211181640625,63.34000015258789
2017-12-13,84.9981689453125,62.439998626708984
2017-12-14,84.7825698852539,63.310001373291016
2017-12-15,86.15403747558594,63.22999954223633
2017-12-18,86.41091918945312,63.40999984741211
2017-12-19,86.20001220703125,63.79999923706055
2017-12-20,86.36544036865234,64.55999755859375
2017-12-21,86.42053985595703,64.9000015258789
2017-12-22,86.31486511230469,65.25
2017-12-26,86.3746109008789,67.0199966430664
2017-12-27,86.5859603881836,66.44000244140625
2017-12-28,86.93974304199219,66.72000122070312
2017-12-29,86.42974853515625,66.5999984741211
2018-01-02,86.57675170898438,66.56999969482422
2018-01-03,86.70540618896484,67.83999633789062
2018-01-04,87.31192016601562,68.06999969482422
2018-01-05,88.09760284423828,67.62000274658203
2018-01-08,88.63057708740234,67.77999877929688
2018-01-09,89.20030975341797,68.81999969482422
2018-01-10,89.07624816894531,69.19999694824219
2018-01-11,89.94922637939453,69.26000213623047
2018-01-12,91.33221435546875,69.87000274658203
2018-01-16,90.358154296875,69.1500015258789
2018-01-17,91.4287109375,69.37999725341797
2018-01-18,90.69356536865234,69.30999755859375
2018-01-19,91.34598541259766,68.61000061035156
2018-01-22,90.97386932373047,69.02999877929688
2018-01-23,90.67520141601562,69.95999908447266
2018-01-24,91.16220092773438,70.52999877929688
2018-01-25,92.52686309814453,70.41999816894531
2018-01-26,93.7352294921875,70.5199966430664
2018-01-29,93.84548950195312,69.45999908447266
2018-01-30,93.14250183105469,69.0199966430664
2018-01-31,93.38603210449219,69.05000305175781
2018-02-01,93.91900634765625,69.08000183105469
2018-02-02,92.0030517578125,68.58000183105469
2018-02-05,87.22459411621094,67.62000274658203
2018-02-06,88.19866943359375,66.86000061035156
2018-02-07,89.40247344970703,65.51000213623047
2018-02-08,86.54002380371094,64.80999755859375
2018-02-09,87.85408020019531,62.790000915527344
2018-02-12,89.11299896240234,62.59000015258789
2018-02-13,89.4576187133789,62.720001220703125
2018-02-14,90.91410064697266,64.36000061035156
2018-02-15,93.0873794555664,64.33000183105469
2018-02-16,93.16545867919922,64.83999633789062
2018-02-20,92.38897705078125,65.25
2018-02-21,92.40277099609375,65.41999816894531
2018-02-22,92.74278259277344,66.38999938964844
2018-02-23,93.31710052490234,67.30999755859375
2018-02-26,94.32791137695312,67.5
2018-02-27,93.20686340332031,66.62999725341797
2018-02-28,93.21141052246094,65.77999877929688
2018-03-01,91.34140014648438,65.70999908447266
2018-03-02,91.70438385009766,64.37000274658203
2018-03-05,92.43492126464844,65.54000091552734
2018-03-06,92.27871704101562,65.79000091552734
2018-03-07,92.5589828491211,64.33999633789062
2018-03-08,92.9173583984375,63.61000061035156
2018-03-09,94.23141479492188,65.48999786376953
2018-03-12,92.60034942626953,64.94999694824219
2018-03-13,92.34304809570312,64.63999938964844
2018-03-14,91.29545593261719,64.88999938964844
2018-03-15,91.25410461425781,65.12000274658203
2018-03-16,91.0473403930664,66.20999908447266
2018-03-19,91.29086303710938,66.05000305175781
2018-03-20,91.92035675048828,67.41999816894531
2018-03-21,92.11790466308594,69.47000122070312
2018-03-22,89.36827850341797,68.91000366210938
2018-03-23,89.65372467041016,70.44999694824219
2018-03-26,92.00188446044922,70.12000274658203
2018-03-27,90.54693603515625,70.11000061035156
2018-03-28,89.82867431640625,69.52999877929688
2018-03-29,91.14549255371094,70.2699966430664
2018-04-02,89.76881408691406,67.63999938964844
2018-04-03,90.8968734741211,68.12000274658203
2018-04-04,91.44477081298828,68.0199966430664
2018-04-05,92.80302429199219,68.33000183105469
2018-04-06,90.53314971923828,67.11000061035156
2018-04-09,90.28449249267578,68.6500015258789
2018-04-10,91.09947204589844,71.04000091552734
2018-04-11,91.1639175415039,72.05999755859375
2018-04-12,92.24593353271484,72.0199966430664
2018-04-13,91.89136505126953,72.58000183105469
2018-04-16,92.85829162597656,71.41999816894531
2018-04-17,93.7699203491211,71.58000183105469
2018-04-18,94.57566833496094,73.4800033569336
2018-04-19,94.76444244384766,73.77999877929688
2018-04-20,94.23491668701172,74.05999755859375
2018-04-23,94.33162689208984,74.70999908447266
2018-04-24,92.16761779785156,73.86000061035156
2018-04-25,91.27902221679688,74.0
2018-04-26,91.22837829589844,74.73999786376953
2018-04-27,89.91156005859375,74.63999938964844
2018-04-30,88.56253814697266,75.16999816894531
2018-05-01,86.90958404541016,75.16999816894531
2018-05-02,86.43072509765625,73.36000061035156
2018-05-03,86.54585266113281,73.62000274658203
2018-05-04,87.57260131835938,74.87000274658203
2018-05-07,88.75129699707031,76.16999816894531
2018-05-08,90.10952758789062,74.8499984741211
2018-05-09,91.011962890625,77.20999908447266
2018-05-10,91.18692779541016,77.47000122070312
2018-05-11,91.38028717041016,77.12000274658203
2018-05-14,90.87383270263672,78.2300033569336
2018-05-15,90.40422821044922,78.43000030517578
2018-05-16,90.42262268066406,79.27999877929688
2018-05-17,91.05801391601562,79.30000305175781
2018-05-18,91.67037963867188,78.51000213623047
2018-05-21,93.04705047607422,79.22000122070312
2018-05-22,91.83613586425781,79.56999969482422
2018-05-23,92.4668960571289,79.80000305175781
2018-05-24,93.09770965576172,78.79000091552734
2018-05-25,92.6556625366211,76.44000244140625
2018-05-29,91.59669494628906,75.38999938964844
2018-05-30,92.79840850830078,77.5
2018-05-31,91.66576385498047,77.58999633789062
2018-06-01,92.57280731201172,77.58999633789062
2018-06-04,92.90892028808594,75.29000091552734
2018-06-05,92.91812896728516,75.37999725341797
2018-06-06,93.8205337524414,75.36000061035156
2018-06-07,93.73767852783203,77.31999969482422
2018-06-08,94.38687896728516,76.45999908447266
2018-06-11,94.02774047851562,76.45999908447266
2018-06-12,93.1344985961914,75.87999725341797
2018-06-13,92.64187622070312,76.73999786376953
2018-06-14,91.96963500976562,75.94000244140625
2018-06-15,91.54145812988281,73.44000244140625
2018-06-18,91.62433624267578,75.33999633789062
2018-06-19,89.50177764892578,75.08000183105469
2018-06-20,89.87931060791016,74.73999786376953
2018-06-21,88.94465637207031,73.05000305175781
2018-06-22,89.20252227783203,75.55000305175781
2018-06-25,88.3507308959961,74.7300033569336
2018-06-26,88.7355728149414,76.30999755859375
2018-06-27,88.09876251220703,77.62000274658203
2018-06-28,88.55558013916016,77.8499984741211
2018-06-29,88.81861114501953,79.44000244140625
2018-07-02,89.02629852294922,77.30000305175781
2018-07-03,89.07246398925781,77.76000213623047
2018-07-05,89.16937255859375,77.38999938964844
2018-07-06,89.35393524169922,77.11000061035156
2018-07-09,90.87217712402344,78.06999969482422
2018-07-10,91.1998062133789,78.86000061035156
2018-07-11,89.91693115234375,73.4000015258789
2018-07-12,91.43055725097656,74.44999694824219
2018-07-13,92.31195831298828,75.33000183105469
2018-07-16,92.57496643066406,71.83999633789062
2018-07-17,93.16104125976562,72.16000366210938
2018-07-18,93.7747802734375,72.9000015258789
2018-07-19,93.52558135986328,72.58000183105469
2018-07-20,93.62712097167969,73.06999969482422
2018-07-23,92.68572998046875,73.05999755859375
2018-07-24,93.28565216064453,73.44000244140625
2018-07-25,93.32719421386719,73.93000030517578
2018-07-26,94.35164642333984,74.54000091552734
2018-07-27,93.95477294921875,74.29000091552734
2018-07-30,92.61653137207031,74.97000122070312
2018-07-31,94.98846435546875,74.25
2018-08-01,94.4393081665039,74.25
2018-08-02,94.35627746582031,73.44999694824219
2018-08-03,94.03782653808594,73.20999908447266
2018-08-06,93.88095092773438,73.75
2018-08-07,94.28702545166016,74.6500015258789
2018-08-08,94.16243743896484,72.27999877929688
2018-08-09,93.99633026123047,72.06999969482422
2018-08-10,93.61791229248047,72.80999755859375
2018-08-13,93.50254821777344,72.61000061035156
2018-08-14,94.24549865722656,72.45999908447266
2018-08-15,93.06414031982422,70.76000213623047
2018-08-16,94.3470230102539,71.43000030517578
2018-08-17,94.85464477539062,71.83000183105469
2018-08-20,95.43148040771484,72.20999908447266
2018-08-21,96.08214569091797,72.62999725341797
2018-08-22,95.36687469482422,74.77999877929688
2018-08-23,94.79464721679688,74.7300033569336
2018-08-24,95.38994598388672,75.81999969482422
2018-08-27,96.15596771240234,76.20999908447266
2018-08-28,96.37287902832031,75.94999694824219
2018-08-29,96.30367279052734,77.13999938964844
2018-08-30,95.41300201416016,77.7699966430664
2018-08-31,95.74064636230469,77.41999816894531
2018-09-04,95.79605102539062,78.16999816894531
2018-09-05,96.03599548339844,77.2699966430664
2018-09-06,97.06969451904297,76.5
2018-09-07,96.66822814941406,76.83000183105469
2018-09-10,96.7374267578125,77.37000274658203
2018-09-11,96.75128936767578,79.05999755859375
2018-09-12,97.15274810791016,79.73999786376953
2018-09-13,97.82185363769531,78.18000030517578
2018-09-14,99.2293472290039,78.08999633789062
2018-09-17,99.22010803222656,78.05000305175781
2018-09-18,100.4199447631836,79.02999877929688
2018-09-19,99.61235809326172,79.4000015258789
2018-09-20,98.81404113769531,78.69999694824219
2018-09-21,99.6446762084961,78.80000305175781
2018-09-24,98.61559295654297,81.19999694824219
2018-09-25,99.61699676513672,81.87000274658203
2018-09-26,99.2365951538086,81.33999633789062
2018-09-27,99.68601989746094,81.72000122070312
2018-09-28,100.2790756225586,82.72000122070312
2018-10-01,100.61731719970703,84.9800033569336
2018-10-02,100.543212890625,84.80000305175781
2018-10-03,100.83509826660156,86.29000091552734
2018-10-04,100.38565826416016,84.58000183105469
2018-10-05,99.66285705566406,84.16000366210938
2018-10-08,99.80648803710938,83.91000366210938
2018-10-09,98.48135375976562,85.0
2018-10-10,95.33534240722656,83.08999633789062
2018-10-11,92.74530792236328,80.26000213623047
2018-10-12,93.13912963867188,80.43000030517578
2018-10-15,94.46424865722656,80.77999877929688
2018-10-16,96.54927825927734,81.41000366210938
2018-10-17,95.63650512695312,80.05000305175781
2018-10-18,94.0843276977539,79.29000091552734
2018-10-19,93.57001495361328,79.77999877929688
2018-10-22,93.4634780883789,79.83000183105469
2018-10-23,92.81942749023438,76.44000244140625
2018-10-24,89.64096069335938,76.16999816894531
2018-10-25,89.506591796875,76.88999938964844
2018-10-26,89.0062026977539,77.62000274658203
2018-10-29,85.63774871826172,77.33999633789062
2018-10-30,87.60230255126953,75.91000366210938
2018-10-31,88.83015441894531,75.47000122070312
2018-11-01,90.93830108642578,75.5
2018-11-02,90.83171081542969,72.83000183105469
2018-11-05,91.38774108886719,73.16999816894531
2018-11-06,92.48583984375,72.12999725341797
2018-11-07,93.28738403320312,72.06999969482422
2018-11-08,93.0186538696289,70.6500015258789
2018-11-09,93.10670471191406,70.18000030517578
2018-11-12,90.5815200805664,70.12000274658203
2018-11-13,90.2247543334961,65.47000122070312
2018-11-14,89.48345947265625,66.12000274658203
2018-11-15,90.4888687133789,66.62000274658203
2018-11-16,90.12747192382812,66.76000213623047
2018-11-19,87.73204803466797,66.79000091552734
2018-11-20,86.24474334716797,62.529998779296875
2018-11-21,86.68954467773438,63.47999954223633
2018-11-23,87.2872314453125,58.79999923706055
2018-11-26,87.80614471435547,60.47999954223633
2018-11-27,86.48566436767578,60.209999084472656
2018-11-28,88.40385437011719,58.7599983215332
2018-11-29,88.54751586914062,59.5099983215332
2018-11-30,88.96452331542969,58.709999084472656
2018-12-03,89.63169860839844,61.689998626708984
2018-12-04,86.06867218017578,62.08000183105469
2018-12-06,85.62852478027344,60.060001373291016
2018-12-07,84.39602661132812,61.66999816894531
2018-12-10,85.61460876464844,59.970001220703125
2018-12-11,85.22541046142578,60.20000076293945
2018-12-12,86.22620391845703,60.150001525878906
2018-12-13,85.5682601928711,61.45000076293945
2018-12-14,84.80839538574219,60.279998779296875
2018-12-17,83.20745849609375,59.61000061035156
2018-12-18,83.7316665649414,56.2599983215332
2018-12-19,81.75540924072266,57.2400016784668
2018-12-20,79.46367645263672,54.349998474121094
2018-12-21,77.4781265258789,53.81999969482422
2018-12-24,75.16783142089844,50.470001220703125
2018-12-26,77.98841857910156,54.470001220703125
2018-12-27,79.16676330566406,52.15999984741211
2018-12-28,79.25955200195312,52.20000076293945
2018-12-31,80.19200897216797,53.79999923706055
2019-01-02,80.51212310791016,54.90999984741211
2019-01-03,78.09512329101562,55.95000076293945
2019-01-04,80.64665222167969,57.060001373291016
2019-01-07,81.31465911865234,57.33000183105469
2019-01-08,82.6460952758789,58.720001220703125
2019-01-09,83.07755279541016,61.439998626708984
2019-01-10,84.17704010009766,61.68000030517578
2019-01-11,84.33940887451172,60.47999954223633
2019-01-14,84.30227661132812,58.9900016784668
2019-01-15,84.47856140136719,60.63999938964844
2019-01-16,84.306884765625,61.31999969482422
2019-01-17,85.60124206542969,61.18000030517578
2019-01-18,86.91876220703125,62.70000076293945
2019-01-22,84.86360168457031,61.5
2019-01-23,85.9491958618164,61.13999938964844
2019-01-24,86.72391510009766,61.09000015258789
2019-01-25,87.5032730102539,61.63999938964844
2019-01-28,87.4012451171875,59.93000030517578
2019-01-29,89.08058166503906,61.31999969482422
2019-01-30,90.31924438476562,61.650001525878906
2019-01-31,90.2310791015625,61.88999938964844
2019-02-01,90.37026977539062,61.869998931884766
2019-02-04,92.25373840332031,62.5099983215332
2019-02-05,93.24652099609375,61.97999954223633
2019-02-06,93.33465576171875,62.689998626708984
2019-02-07,92.87538146972656,61.630001068115234
2019-02-08,93.14446258544922,62.099998474121094
2019-02-11,93.5248794555664,61.5099983215332
2019-02-12,94.63363647460938,62.41999816894531
2019-02-13,94.73568725585938,63.61000061035156
2019-02-14,94.61971282958984,64.56999969482422
2019-02-15,96.58668518066406,66.25
2019-02-19,96.51713562011719,66.44999694824219
2019-02-20,97.00885009765625,67.08000183105469
2019-02-21,96.22020721435547,67.06999969482422
2019-02-22,97.16661834716797,67.12000274658203
2019-02-25,97.16195678710938,64.76000213623047
2019-02-26,96.5124740600586,65.20999908447266
2019-02-27,96.74903869628906,66.38999938964844
2019-02-28,97.01349639892578,66.02999877929688
2019-03-01,97.10628509521484,65.06999969482422
2019-03-04,95.55681610107422,65.66999816894531
2019-03-05,95.0557861328125,65.86000061035156
2019-03-06,94.16509246826172,65.98999786376953
2019-03-07,93.47384643554688,66.30000305175781
2019-03-08,93.23724365234375,65.73999786376953
2019-03-11,92.95426177978516,66.58000183105469
2019-03-12,92.00788116455078,66.66999816894531
2019-03-13,92.6156005859375,67.55000305175781
2019-03-14,91.96613311767578,67.2300033569336
2019-03-15,91.81766510009766,67.16000366210938
2019-03-18,92.44860076904297,67.54000091552734
2019-03-19,92.26766967773438,67.61000061035156
2019-03-20,91.92056274414062,68.5
2019-03-21,92.62313842773438,67.86000061035156
2019-03-22,90.39445495605469,67.02999877929688
2019-03-25,91.04585266113281,67.20999908447266
2019-03-26,91.17144012451172,67.97000122070312
2019-03-27,91.20405578613281,67.83000183105469
2019-03-28,91.84146881103516,67.81999969482422
2019-03-29,92.86045837402344,68.38999938964844
2019-04-01,94.9542007446289,69.01000213623047
2019-04-02,94.35398864746094,69.37000274658203
2019-04-03,93.22335815429688,69.30999755859375
2019-04-04,94.53543853759766,69.4000015258789
2019-04-05,95.07051086425781,70.33999633789062
2019-04-08,94.16320037841797,71.0999984741211
2019-04-09,92.99536895751953,70.61000061035156
2019-04-10,92.7069091796875,71.7300033569336
2019-04-11,93.92127227783203,70.83000183105469
2019-04-12,95.40087127685547,71.55000305175781
2019-04-15,94.63313293457031,71.18000030517578
2019-04-16,95.34503936767578,71.72000122070312
2019-04-17,94.8936996459961,71.62000274658203
2019-04-18,95.6893310546875,71.97000122070312
2019-04-22,95.40087127685547,74.04000091552734
2019-04-23,97.25731658935547,74.51000213623047
2019-04-24,96.87578582763672,74.56999969482422
2019-04-25,96.8106689453125,74.3499984741211
2019-04-26,97.21078491210938,72.1500015258789
2019-04-29,97.35502624511719,72.04000091552734
2019-04-30,97.53184509277344,72.80000305175781
2019-05-01,97.75515747070312,72.18000030517578
2019-05-02,97.26197052001953,70.75
2019-05-03,98.2669677734375,70.8499984741211
2019-05-06,97.93663787841797,71.23999786376953
2019-05-07,95.57299041748047,69.87999725341797
2019-05-08,96.39190673828125,70.37000274658203
2019-05-09,96.43843078613281,70.38999938964844
2019-05-10,96.76412963867188,70.62000274658203
2019-05-13,93.95381927490234,70.2300033569336
2019-05-14,94.91230773925781,71.23999786376953
2019-05-15,95.01468658447266,71.7699966430664
2019-05-16,96.44773864746094,72.62000274658203
2019-05-17,95.70794677734375,72.20999908447266
2019-05-20,95.74516296386719,71.97000122070312
2019-05-21,97.26663970947266,72.18000030517578
2019-05-22,96.7362060546875,70.98999786376953
2019-05-23,95.15892028808594,67.76000213623047
2019-05-24,95.61490631103516,68.69000244140625
2019-05-28,95.24732971191406,70.11000061035156
2019-05-29,95.02397918701172,69.44999694824219
2019-05-30,95.09842681884766,66.87000274658203
2019-05-31,93.95848083496094,64.48999786376953
2019-06-03,94.46099090576172,61.279998779296875
2019-06-04,96.40121459960938,61.970001220703125
2019-06-05,97.77843475341797,60.630001068115234
2019-06-06,98.04364013671875,61.66999816894531
2019-06-07,98.62059783935547,63.290000915527344
2019-06-10,98.01570892333984,62.290000915527344
2019-06-11,95.74983215332031,62.290000915527344
2019-06-12,96.0429458618164,59.970001220703125
2019-06-13,96.87578582763672,61.310001373291016
2019-06-14,96.42913055419922,62.0099983215332
2019-06-17,96.5616455078125,60.939998626708984
2019-06-18,98.82027435302734,62.13999938964844
2019-06-19,98.95563507080078,61.81999969482422
2019-06-20,100.75697326660156,64.44999694824219
2019-06-21,100.11295318603516,65.19999694824219
2019-06-24,100.42095184326172,64.86000061035156
2019-06-25,99.6416244506836,65.05000305175781
2019-06-26,99.6136245727539,66.48999786376953
2019-06-27,99.10028076171875,66.55000305175781
2019-06-28,99.96363067626953,66.55000305175781
2019-07-01,99.06763458251953,65.05999755859375
2019-07-02,99.71626281738281,62.400001525878906
2019-07-03,100.0849609375,63.81999969482422
2019-07-05,100.12693786621094,64.2300033569336
2019-07-08,99.1329574584961,64.11000061035156
2019-07-09,99.6416244506836,64.16000366210938
2019-07-10,99.58563232421875,67.01000213623047
2019-07-11,100.35560607910156,66.5199966430664
2019-07-12,101.6389389038086,66.72000122070312
2019-07-15,100.9576187133789,66.4800033569336
2019-07-16,101.1816177368164,64.3499984741211
2019-07-17,100.34628295898438,63.65999984741211
2019-07-18,99.82361602783203,61.93000030517578
2019-07-19,101.2469482421875,62.470001220703125
2019-07-22,101.18628692626953,63.2599983215332
2019-07-23,101.8349380493164,63.83000183105469
2019-07-24,102.19426727294922,63.18000030517578
2019-07-25,101.97959899902344,63.38999938964844
2019-07-26,101.46627044677734,63.459999084472656
2019-07-29,100.98094940185547,63.709999084472656
2019-07-30,101.13959503173828,64.72000122070312
2019-07-31,100.46295166015625,65.16999816894531
2019-08-01,98.98362731933594,60.5
2019-08-02,98.614990234375,61.88999938964844
2019-08-05,96.39366149902344,59.810001373291016
2019-08-06,98.85298919677734,58.939998626708984
2019-08-07,99.38031768798828,56.22999954223633
2019-08-08,101.57825469970703,57.380001068115234
2019-08-09,100.96695709228516,58.529998779296875
2019-08-12,99.56230163574219,58.56999969482422
2019-08-13,99.97293090820312,61.29999923706055
2019-08-14,97.33629608154297,59.47999954223633
2019-08-15,98.27896881103516,58.22999954223633
2019-08-16,99.3896255493164,58.63999938964844
2019-08-19,100.48162078857422,59.7400016784668
2019-08-20,100.48631286621094,60.029998779296875
2019-08-21,101.32161712646484,60.29999923706055
2019-08-22,102.46959686279297,59.91999816894531
2019-08-23,100.49560546875,59.34000015258789
2019-08-26,101.55962371826172,58.70000076293945
2019-08-27,100.7336196899414,59.5099983215332
2019-08-28,101.8769302368164,60.4900016784668
2019-08-29,103.23494720458984,61.08000183105469
2019-08-30,103.51024627685547,60.43000030517578
2019-09-03,102.40426635742188,58.2599983215332
2019-09-04,103.4075927734375,60.70000076293945
2019-09-05,104.17293548583984,60.95000076293945
2019-09-06,104.67223358154297,61.540000915527344
2019-09-09,103.34690856933594,62.59000015258789
2019-09-10,103.95826721191406,62.380001068115234
2019-09-11,105.32556915283203,60.810001373291016
2019-09-12,105.69888305664062,60.380001068115234
2019-09-13,106.17488861083984,60.220001220703125
2019-09-16,107.27153778076172,69.0199966430664
2019-09-17,107.59352111816406,64.55000305175781
2019-09-18,107.85486602783203,63.599998474121094
2019-09-19,107.34619903564453,64.4000015258789
2019-09-20,105.8995590209961,64.27999877929688
2019-09-23,105.69888305664062,64.7699966430664
2019-09-24,105.67317199707031,63.099998474121094
2019-09-25,106.55742645263672,62.38999938964844
2019-09-26,106.55274963378906,62.7400016784668
2019-09-27,105.31289672851562,61.90999984741211
2019-09-30,105.13042449951172,60.779998779296875
2019-10-01,102.82383728027344,58.88999938964844
2019-10-02,101.24711608886719,57.689998626708984
2019-10-03,101.95828247070312,57.709999084472656
2019-10-04,103.07646942138672,58.369998931884766
2019-10-07,102.91741943359375,58.349998474121094
2019-10-08,102.09862518310547,58.2400016784668
2019-10-09,102.837890625,58.31999969482422
2019-10-10,103.27767181396484,59.099998474121094
2019-10-11,104.0636978149414,60.5099983215332
2019-10-14,103.97477722167969,59.349998474121094
2019-10-15,104.11982727050781,58.7400016784668
2019-10-16,104.27422332763672,59.41999816894531
2019-10-17,103.66133117675781,59.90999984741211
2019-10-18,101.02251434326172,59.41999816894531
2019-10-21,100.44234466552734,58.959999084472656
2019-10-22,101.23777770996094,59.70000076293945
2019-10-23,101.49039459228516,61.16999816894531
2019-10-24,103.0296859741211,61.66999816894531
2019-10-25,102.14544677734375,62.02000045776367
2019-10-28,102.46356201171875,61.56999969482422
2019-10-29,102.95484161376953,61.59000015258789
2019-10-30,103.59581756591797,60.61000061035156
2019-10-31,102.97822570800781,60.22999954223633
2019-11-01,104.61577606201172,61.689998626708984
2019-11-04,104.37248229980469,62.130001068115234
2019-11-05,105.06961822509766,62.959999084472656
2019-11-06,105.3924331665039,61.7400016784668
2019-11-07,106.02875518798828,62.290000915527344
2019-11-08,106.19715881347656,62.5099983215332
2019-11-11,107.22648620605469,62.18000030517578
2019-11-12,107.41830444335938,62.060001373291016
2019-11-13,107.57270050048828,62.369998931884766
2019-11-14,108.37276458740234,62.279998779296875
2019-11-15,109.33660125732422,63.29999923706055
2019-11-18,109.19622802734375,62.439998626708984
2019-11-19,108.80321502685547,60.90999984741211
2019-11-20,108.920166015625,62.400001525878906
2019-11-21,107.94233703613281,63.970001220703125
2019-11-22,108.1622085571289,63.38999938964844
2019-11-25,108.39616394042969,63.650001525878906
2019-11-26,108.92486572265625,64.2699966430664
2019-11-27,108.77046203613281,64.05999755859375
2019-11-29,108.33065795898438,62.43000030517578
2019-12-02,105.95388793945312,60.91999816894531
2019-12-03,105.607666015625,60.81999969482422
2019-12-04,105.7761001586914,63.0
2019-12-05,105.8509521484375,63.38999938964844
2019-12-06,106.99256134033203,64.38999938964844
2019-12-09,106.22991943359375,64.25
2019-12-10,105.98664855957031,64.33999633789062
2019-12-11,106.67440795898438,63.720001220703125
2019-12-12,106.72589111328125,64.19999694824219
2019-12-13,106.435791015625,65.22000122070312
2019-12-16,105.65410614013672,65.33999633789062
2019-12-17,104.93489837646484,66.0999984741211
2019-12-18,104.28153228759766,66.16999816894531
2019-12-19,104.91140747070312,66.54000091552734
2019-12-20,105.29214477539062,66.13999938964844
2019-12-23,106.43437957763672,66.38999938964844
2019-12-24,105.80921936035156,67.19999694824219
2019-12-26,105.71520233154297,67.91999816894531
2019-12-27,105.4378662109375,68.16000366210938
2019-12-30,105.11505126953125,68.44000244140625
2019-12-31,104.65792846679688,66.0
2020-01-02,107.1556396484375,66.25
2020-01-03,108.38089752197266,68.5999984741211
2020-01-06,108.52698516845703,68.91000366210938
2020-01-07,109.01708221435547,68.2699966430664
2020-01-08,108.29134368896484,65.44000244140625
2020-01-09,109.1113510131836,65.37000274658203
2020-01-10,107.71642303466797,64.9800033569336
2020-01-13,108.59296417236328,64.19999694824219
2020-01-14,108.55997467041016,64.48999786376953
2020-01-15,108.80974578857422,64.0
2020-01-16,110.04916381835938,64.62000274658203
2020-01-17,109.43181610107422,64.8499984741211
2020-01-21,108.57412719726562,64.58999633789062
2020-01-22,107.87194061279297,63.209999084472656
2020-01-23,108.97470092773438,62.040000915527344
2020-01-24,109.22917175292969,60.689998626708984
2020-01-27,108.41390991210938,59.31999969482422
2020-01-28,109.33284759521484,59.5099983215332
2020-01-29,109.38468933105469,59.810001373291016
2020-01-30,109.45066833496094,58.290000915527344
2020-01-31,107.30641174316406,58.15999984741211
2020-02-03,107.12262725830078,54.45000076293945
2020-02-04,108.91342163085938,53.959999084472656
2020-02-05,110.69482421875,55.279998779296875
2020-02-06,111.98604583740234,54.93000030517578
2020-02-07,111.8541030883789,54.470001220703125
2020-02-10,112.56100463867188,53.27000045776367
2020-02-11,112.56571197509766,54.0099983215332
2020-02-12,113.00869750976562,55.790000915527344
2020-02-13,112.41490173339844,56.34000015258789
2020-02-14,112.20281219482422,57.31999969482422
2020-02-18,111.37342834472656,57.75
2020-02-19,111.20849609375,59.119998931884766
2020-02-20,110.49687957763672,59.310001373291016
2020-02-21,110.2046890258789,58.5
2020-02-24,106.86344146728516,56.29999923706055
2020-02-25,101.55702209472656,54.95000076293945
2020-02-26,100.84071350097656,53.43000030517578
2020-02-27,96.90568542480469,52.18000030517578
2020-02-28,94.67186737060547,50.52000045776367
2020-03-02,97.63140106201172,51.900001525878906
2020-03-03,96.04325866699219,51.86000061035156
2020-03-04,99.52117156982422,51.130001068115234
2020-03-05,93.1544189453125,49.9900016784668
2020-03-06,91.91499328613281,45.27000045776367
2020-03-09,83.10240173339844,34.36000061035156
2020-03-10,86.38706970214844,37.220001220703125
2020-03-11,78.54998779296875,35.790000915527344
2020-03-12,69.8222427368164,33.220001220703125
2020-03-13,74.16727447509766,33.849998474121094
2020-03-16,63.233978271484375,30.049999237060547
2020-03-17,64.58649444580078,28.729999542236328
2020-03-18,58.15848159790039,24.8799991607666
2020-03-19,59.1669807434082,28.469999313354492
2020-03-20,56.90491485595703,26.979999542236328
2020-03-23,55.37803268432617,27.030000686645508
2020-03-24,62.187774658203125,27.149999618530273
2020-03-25,68.53914642333984,27.389999389648438
2020-03-26,75.40872192382812,26.34000015258789
2020-03-27,70.65359497070312,24.93000030517578
2020-03-30,69.96141815185547,22.760000228881836
2020-03-31,68.19780731201172,22.739999771118164
2020-04-01,64.69902038574219,24.739999771118164
2020-04-02,64.40034484863281,29.940000534057617
2020-04-03,64.42879486083984,34.11000061035156
2020-04-06,69.62483215332031,33.04999923706055
2020-04-07,68.70507049560547,31.8700008392334
2020-04-08,71.56383514404297,32.84000015258789
2020-04-09,73.7162094116211,31.479999542236328
2020-04-13,71.4121322631836,31.739999771118164
2020-04-14,72.60682678222656,29.600000381469727
2020-04-15,71.094482421875,27.690000534057617
2020-04-16,70.0088119506836,27.81999969482422
2020-04-17,74.70231628417969,28.079999923706055
2020-04-20,72.38402557373047,25.56999969482422
2020-04-21,69.90925598144531,19.329999923706055
2020-04-22,70.65359497070312,20.3700008392334
2020-04-23,70.89537811279297,21.329999923706055
2020-04-24,70.4781723022461,21.440000534057617
2020-04-27,71.61599731445312,19.989999771118164
2020-04-28,72.98136901855469,20.459999084472656
2020-04-29,75.49878692626953,22.540000915527344
2020-04-30,73.84420013427734,25.270000457763672
2020-05-01,71.30780792236328,26.440000534057617
2020-05-04,69.89981079101562,27.200000762939453
2020-05-05,69.90451049804688,30.969999313354492
2020-05-06,68.4727783203125,29.719999313354492
2020-05-07,69.24078369140625,29.459999084472656
2020-05-08,71.94783782958984,30.969999313354492
2020-05-11,70.90961456298828,29.6299991607666
2020-05-12,69.24555206298828,29.979999542236328
2020-05-13,67.17850494384766,29.190000534057617
2020-05-14,66.90353393554688,31.1299991607666
2020-05-15,66.70443725585938,32.5
2020-05-18,71.76770782470703,34.810001373291016
2020-05-19,70.70574951171875,34.650001525878906
2020-05-20,71.14665985107422,35.75
2020-05-21,72.69692993164062,36.060001373291016
2020-05-22,72.54046630859375,35.130001068115234
2020-05-26,75.49878692626953,36.16999816894531
2020-05-27,79.26306915283203,34.7400016784668
2020-05-28,78.94070434570312,35.290000915527344
2020-05-29,78.01144409179688,35.33000183105469
2020-06-01,78.82689666748047,38.31999969482422
2020-06-02,79.00231170654297,39.56999969482422
2020-06-03,83.2027359008789,39.790000915527344
2020-06-04,84.56338500976562,39.9900016784668
2020-06-05,88.5931396484375,42.29999923706055
2020-06-08,91.89755249023438,40.79999923706055
2020-06-09,88.73536682128906,41.18000030517578
2020-06-10,85.84818267822266,41.72999954223633
2020-06-11,78.60881805419922,38.54999923706055
2020-06-12,81.08356475830078,38.72999954223633
2020-06-15,81.76698303222656,39.720001220703125
2020-06-16,83.33055114746094,40.959999084472656
2020-06-17,82.23272705078125,40.709999084472656
2020-06-18,81.8620376586914,41.5099983215332
2020-06-19,80.13211822509766,42.189998626708984
2020-06-22,80.66439819335938,43.08000183105469
2020-06-23,79.885009765625,42.630001068115234
2020-06-24,76.37763977050781,40.310001373291016
2020-06-25,76.64852905273438,41.04999923706055
2020-06-26,75.18476104736328,41.02000045776367
2020-06-29,79.48102569580078,41.709999084472656
2020-06-30,78.28338623046875,41.150001525878906
2020-07-01,77.55625915527344,42.029998779296875
2020-07-02,77.74633026123047,43.13999938964844
2020-07-06,79.09130859375,43.099998474121094
2020-07-07,76.1922836303711,43.08000183105469
2020-07-08,76.34910583496094,43.290000915527344
2020-07-09,73.48333740234375,42.349998474121094
2020-07-10,75.1324691772461,43.2400016784668
2020-07-13,74.63821411132812,42.720001220703125
2020-07-14,75.85485076904297,42.900001525878906
2020-07-15,78.50675964355469,43.790000915527344
2020-07-16,77.6893081665039,43.369998931884766
2020-07-17,77.79387664794922,43.13999938964844
2020-07-20,76.87664031982422,43.279998779296875
2020-07-21,78.40220642089844,44.31999969482422
2020-07-22,79.47151184082031,44.290000915527344
2020-07-23,78.71112823486328,43.310001373291016
2020-07-24,77.58001708984375,43.34000015258789
2020-07-27,76.5392074584961,43.40999984741211
2020-07-28,76.79108428955078,43.220001220703125
2020-07-29,76.16851043701172,43.75
2020-07-30,75.33682250976562,42.939998626708984
2020-07-31,74.47185516357422,43.29999923706055
2020-08-03,75.51742553710938,44.150001525878906
2020-08-04,76.13050079345703,44.43000030517578
2020-08-05,78.77289581298828,45.16999816894531
2020-08-06,78.34991455078125,45.09000015258789
2020-08-07,78.84893798828125,44.400001525878906
2020-08-10,81.37726593017578,44.9900016784668
2020-08-11,81.80974578857422,44.5
2020-08-12,81.22994232177734,45.43000030517578
2020-08-13,80.7689437866211,44.959999084472656
2020-08-14,81.5483627319336,44.79999923706055
2020-08-17,80.10836029052734,45.369998931884766
2020-08-18,79.21488952636719,45.459999084472656
2020-08-19,79.20062255859375,45.369998931884766
2020-08-20,78.61605072021484,44.900001525878906
2020-08-21,77.99823760986328,44.349998474121094
2020-08-24,80.5028076171875,45.130001068115234
2020-08-25,79.89925384521484,45.86000061035156
2020-08-26,79.18159484863281,45.63999938964844
2020-08-27,79.87548828125,45.09000015258789
2020-08-28,80.51232147216797,45.04999923706055
2020-08-31,79.3907241821289,45.279998779296875
2020-09-01,79.49529266357422,45.58000183105469
2020-09-02,81.02082824707031,44.43000030517578
2020-09-03,79.25765228271484,44.06999969482422
2020-09-04,79.19584655761719,42.65999984741211
2020-09-08,77.05724334716797,39.779998779296875
2020-09-09,77.19032287597656,40.790000915527344
2020-09-10,76.0592041015625,40.060001373291016
2020-09-11,77.46593475341797,39.83000183105469
2020-09-14,78.82041931152344,39.61000061035156
2020-09-15,78.25487518310547,40.529998779296875
2020-09-16,79.68535614013672,42.220001220703125
2020-09-17,79.88972473144531,43.29999923706055
2020-09-18,78.67784881591797,43.150001525878906
2020-09-21,75.88336944580078,41.439998626708984
2020-09-22,76.63426208496094,41.720001220703125
2020-09-23,74.66075897216797,41.77000045776367
2020-09-24,73.96990966796875,41.939998626708984
2020-09-25,75.48981475830078,41.91999816894531
2020-09-28,77.10022735595703,42.43000030517578
2020-09-29,76.1663818359375,41.029998779296875
2020-09-30,75.47551727294922,40.95000076293945
2020-10-01,75.84715270996094,40.93000030517578
2020-10-02,76.65238952636719,39.27000045776367
2020-10-05,77.2717514038086,41.290000915527344
2020-10-06,75.84715270996094,42.650001525878906
2020-10-07,77.50996398925781,41.9900016784668
2020-10-08,78.82500457763672,43.34000015258789
2020-10-09,78.25802612304688,42.849998474121094
2020-10-12,78.53912353515625,41.720001220703125
2020-10-13,77.50996398925781,42.45000076293945
2020-10-14,77.93880462646484,43.31999969482422
2020-10-15,78.30089569091797,43.15999984741211
2020-10-16,78.88218688964844,42.93000030517578
2020-10-19,78.3104476928711,42.619998931884766
2020-10-20,77.8196792602539,43.15999984741211
2020-10-21,76.6094741821289,41.72999954223633
2020-10-22,78.1436767578125,42.459999084472656
2020-10-23,78.53912353515625,41.77000045776367
2020-10-26,76.43793487548828,40.459999084472656
2020-10-27,74.03662109375,41.20000076293945
2020-10-28,71.20648193359375,39.119998931884766
2020-10-29,72.078369140625,37.650001525878906
2020-10-30,71.95928955078125,37.459999084472656
2020-11-02,73.79364013671875,38.970001220703125
2020-11-03,76.1425552368164,39.709999084472656
2020-11-04,76.1092300415039,41.22999954223633
2020-11-05,76.99063110351562,40.93000030517578
2020-11-06,76.93347930908203,39.45000076293945
2020-11-09,82.2793197631836,42.400001525878906
2020-11-10,85.02371215820312,43.61000061035156
2020-11-11,83.50382232666016,43.79999923706055
2020-11-12,82.46037292480469,43.529998779296875
2020-11-13,85.16189575195312,42.779998779296875
2020-11-16,87.5727767944336,43.81999969482422
2020-11-17,88.21595764160156,43.75
2020-11-18,87.95392608642578,44.34000015258789
2020-11-19,88.38751220703125,44.20000076293945
2020-11-20,86.7770767211914,44.959999084472656
2020-11-23,89.06404876708984,46.060001373291016
2020-11-24,91.27005004882812,47.86000061035156
2020-11-25,90.70305633544922,48.61000061035156
2020-11-27,90.20756530761719,48.18000030517578
2020-11-30,88.05397033691406,47.59000015258789
2020-12-01,88.70670318603516,47.41999816894531
2020-12-02,89.550048828125,48.25
2020-12-03,91.04136657714844,48.709999084472656
2020-12-04,92.05146026611328,49.25
2020-12-07,91.94662475585938,48.790000915527344
2020-12-08,92.37543487548828,48.84000015258789
2020-12-09,91.87992095947266,48.86000061035156
2020-12-10,91.61312103271484,50.25
2020-12-11,91.69886016845703,49.970001220703125
2020-12-14,90.34574890136719,50.290000915527344
2020-12-15,91.14787292480469,50.7599983215332
2020-12-16,90.04972076416016,51.08000183105469
2020-12-17,89.6104507446289,51.5
2020-12-18,89.9542236328125,52.2599983215332
2020-12-21,89.27622985839844,50.90999984741211
2020-12-22,88.9897689819336,50.08000183105469
2020-12-23,90.53672790527344,51.20000076293945
2020-12-24,89.94468688964844,51.290000915527344
2020-12-28,90.08790588378906,50.86000061035156
2020-12-29,89.64863586425781,51.09000015258789
2020-12-30,90.48896789550781,51.34000015258789
2020-12-31,90.45076751708984,51.79999923706055
2021-01-04,86.72655487060547,51.09000015258789
2021-01-05,88.70325469970703,53.599998474121094
2021-01-06,89.6104507446289,54.29999923706055
2021-01-07,89.43855285644531,54.380001068115234
2021-01-08,89.11386108398438,55.9900016784668
2021-01-11,89.16162872314453,55.65999984741211
2021-01-12,90.67996215820312,56.58000183105469
2021-01-13,90.35530090332031,56.060001373291016
2021-01-14,91.91182708740234,56.41999816894531
2021-01-15,90.04972076416016,55.099998474121094
2021-01-19,90.9569091796875,55.900001525878906
2021-01-20,91.03328704833984,56.08000183105469
2021-01-21,89.63909149169922,56.099998474121094
2021-01-22,89.7154769897461,55.40999984741211
2021-01-25,89.09479522705078,55.880001068115234
2021-01-26,88.0730209350586,55.90999984741211
2021-01-27,85.89576721191406,55.810001373291016
2021-01-28,86.71700286865234,55.529998779296875
2021-01-29,85.06498718261719,55.880001068115234
2021-02-01,86.5260238647461,56.349998474121094
2021-02-02,88.92290496826172,57.459999084472656
2021-02-03,90.24068450927734,58.459999084472656
2021-02-04,92.01686096191406,58.84000015258789
2021-02-05,91.66353607177734,59.34000015258789
2021-02-08,93.00999450683594,60.560001373291016
2021-02-09,93.8025894165039,61.09000015258789
2021-02-10,93.22007751464844,61.470001220703125
2021-02-11,93.76436614990234,61.13999938964844
2021-02-12,93.49701690673828,62.43000030517578
2021-02-16,93.24871826171875,63.349998474121094
2021-02-17,93.67843627929688,64.33999633789062
2021-02-18,92.43704223632812,63.93000030517578
2021-02-19,94.54740905761719,62.90999984741211
2021-02-22,93.57340240478516,65.23999786376953
2021-02-23,93.66889190673828,65.37000274658203
2021-02-24,96.70556640625,67.04000091552734
2021-02-25,92.99088287353516,66.87999725341797
2021-02-26,91.30065155029297,66.12999725341797
2021-03-01,94.35643768310547,63.689998626708984
2021-03-02,94.02220916748047,62.70000076293945
2021-03-03,94.3277816772461,64.06999969482422
2021-03-04,92.55162811279297,66.73999786376953
2021-03-05,93.63069915771484,69.36000061035156
2021-03-08,93.96493530273438,68.23999786376953
2021-03-09,94.12725067138672,67.5199966430664
2021-03-10,96.70556640625,67.9000015258789
2021-03-11,98.08065795898438,69.62999725341797
2021-03-12,100.80220794677734,69.22000122070312
2021-03-15,101.2796401977539,68.87999725341797
2021-03-16,99.19791412353516,68.38999938964844
2021-03-17,101.04093933105469,68.0
2021-03-18,99.44620513916016,63.279998779296875
2021-03-19,99.28387451171875,64.52999877929688
2021-03-22,98.47216796875,64.62000274658203
2021-03-23,95.84613037109375,60.790000915527344
2021-03-24,95.73155975341797,64.41000366210938
2021-03-25,97.97791290283203,61.95000076293945
2021-03-26,98.32274627685547,64.56999969482422
2021-03-29,98.84002685546875,64.9800033569336
2021-03-30,99.47227478027344,64.13999938964844
2021-03-31,99.7309341430664,63.540000915527344
2021-04-01,100.04704284667969,64.86000061035156
2021-04-05,101.5893325805664,62.150001525878906
2021-04-06,101.05287170410156,62.7400016784668
2021-04-07,100.57389831542969,63.15999984741211
2021-04-08,101.34982299804688,63.20000076293945
2021-04-09,101.34028625488281,62.95000076293945
2021-04-12,101.59889221191406,63.279998779296875
2021-04-13,101.26363372802734,63.66999816894531
2021-04-14,101.63721466064453,66.58000183105469
2021-04-15,101.45520782470703,66.94000244140625
2021-04-16,101.52226257324219,66.7699966430664
2021-04-19,100.8325424194336,67.05000305175781
2021-04-20,98.84002685546875,66.56999969482422
2021-04-21,100.16200256347656,65.31999969482422
2021-04-22,99.80757141113281,65.4000015258789
2021-04-23,101.0433120727539,66.11000061035156
2021-04-26,101.53184509277344,65.6500015258789
2021-04-27,102.00122833251953,66.41999816894531
2021-04-28,101.52226257324219,67.2699966430664
2021-04-29,102.20240020751953,68.55999755859375
2021-04-30,101.96292877197266,67.25
2021-05-03,102.45145416259766,67.55999755859375
2021-05-04,101.83837890625,68.87999725341797
2021-05-05,100.8229751586914,68.95999908447266
2021-05-06,101.52226257324219,68.08999633789062
2021-05-07,103.0932846069336,68.27999877929688
2021-05-10,102.07787322998047,68.31999969482422
2021-05-11,100.9283447265625,68.55000305175781
2021-05-12,97.93956756591797,69.31999969482422
2021-05-13,99.48185729980469,67.05000305175781
2021-05-14,101.5126953125,68.70999908447266
2021-05-17,101.54141998291016,69.45999908447266
2021-05-18,100.24820709228516,68.70999908447266
2021-05-19,99.76924133300781,66.66000366210938
2021-05-20,100.76549530029297,65.11000061035156
2021-05-21,101.61805725097656,66.44000244140625
2021-05-24,102.70053100585938,68.45999908447266
2021-05-25,102.59515380859375,68.6500015258789
2021-05-26,103.10286712646484,68.87000274658203
2021-05-27,105.93836212158203,69.45999908447266
2021-05-28,105.66056823730469,69.62999725341797
2021-06-01,106.75260162353516,70.25
2021-06-02,106.82923126220703,71.3499984741211
2021-06-03,106.31197357177734,71.30999755859375
2021-06-04,107.1932601928711,71.88999938964844
2021-06-07,107.45189666748047,71.48999786376953
2021-06-08,108.15119171142578,72.22000122070312
2021-06-09,106.80050659179688,72.22000122070312
2021-06-10,106.63640594482422,72.5199966430664
2021-06-11,107.07781219482422,72.69000244140625
2021-06-14,106.7419662475586,72.86000061035156
2021-06-15,107.29850769042969,73.98999786376953
2021-06-16,106.27179718017578,74.38999938964844
2021-06-17,104.92839813232422,73.08000183105469
2021-06-18,103.82489013671875,73.51000213623047
2021-06-21,106.33894348144531,74.9000015258789
2021-06-22,106.07986450195312,74.80999755859375
2021-06-23,105.77281188964844,75.19000244140625
2021-06-24,106.86672973632812,75.55999755859375
2021-06-25,107.4808349609375,76.18000030517578
2021-06-28,105.52333068847656,74.68000030517578
2021-06-29,104.14154052734375,74.76000213623047
2021-06-30,105.1010971069336,75.12999725341797
2021-07-01,105.6192855834961,75.83999633789062
2021-07-02,105.53292846679688,76.16999816894531
2021-07-06,104.70769500732422,74.52999877929688
2021-07-07,104.6117172241211,73.43000030517578
2021-07-08,104.56375122070312,74.12000274658203
2021-07-09,105.86878204345703,75.55000305175781
2021-07-12,105.01476287841797,75.16000366210938
2021-07-13,103.36430358886719,76.48999786376953
2021-07-14,102.31836700439453,74.76000213623047
2021-07-15,101.81939697265625,73.47000122070312
2021-07-16,100.69672393798828,73.58999633789062
2021-07-19,97.59732055664062,68.62000274658203
2021-07-20,101.55070495605469,69.3499984741211
2021-07-21,103.21076202392578,72.2300033569336
2021-07-22,102.37593841552734,73.79000091552734
2021-07-23,102.69261932373047,74.0999984741211
2021-07-26,103.19158935546875,74.5
2021-07-27,103.42189025878906,74.4800033569336
2021-07-28,104.45821380615234,74.73999786376953
2021-07-29,104.79403686523438,76.05000305175781
2021-07-30,103.60420989990234,76.33000183105469
2021-08-02,103.29713439941406,72.88999938964844
2021-08-03,104.17034149169922,72.41000366210938
2021-08-04,102.00172424316406,70.37999725341797
2021-08-05,103.1628189086914,71.29000091552734
2021-08-06,104.05519104003906,70.69999694824219
2021-08-09,103.57540130615234,69.04000091552734
2021-08-10,104.21831512451172,70.62999725341797
2021-08-11,105.21625518798828,71.44000244140625
2021-08-12,104.43901062011719,71.30999755859375
2021-08-13,103.34510040283203,70.58999633789062
2021-08-16,102.9324951171875,69.51000213623047
2021-08-17,101.85779571533203,69.02999877929688
2021-08-18,100.84063720703125,68.2300033569336
2021-08-19,99.00788879394531,66.44999694824219
2021-08-20,99.89067840576172,65.18000030517578
2021-08-23,101.24366760253906,68.75
2021-08-24,101.87698364257812,71.05000305175781
2021-08-25,102.09769439697266,72.25
2021-08-26,101.06134796142578,71.06999969482422
2021-08-27,102.3663558959961,72.69999694824219
2021-08-30,101.50276947021484,73.41000366210938
2021-08-31,101.69465637207031,72.98999786376953
2021-09-01,101.1956787109375,71.58999633789062
2021-09-02,101.87698364257812,73.02999877929688
2021-09-03,100.86944580078125,72.61000061035156
2021-09-07,99.61241149902344,71.69000244140625
2021-09-08,99.20938873291016,72.5999984741211
2021-09-09,99.63159942626953,71.44999694824219
2021-09-10,98.59529113769531,72.91999816894531
2021-09-13,99.37249755859375,73.51000213623047
2021-09-14,98.29780578613281,73.5999984741211
2021-09-15,99.4300765991211,75.45999908447266
2021-09-16,98.38417053222656,75.66999816894531
2021-09-17,98.25942993164062,75.33999633789062
2021-09-20,97.67407989501953,73.91999816894531
2021-09-21,96.87765502929688,74.36000061035156
2021-09-22,99.17100524902344,76.19000244140625
2021-09-23,100.85023498535156,77.25
2021-09-24,101.22608184814453,78.08999633789062
2021-09-27,102.3603286743164,79.52999877929688
2021-09-28,101.01460266113281,79.08999633789062
2021-09-29,101.62018585205078,78.63999938964844
2021-09-30,100.19756317138672,78.5199966430664
2021-10-01,102.0815658569336,79.27999877929688
2021-10-04,101.44715881347656,81.26000213623047
2021-10-05,102.02388000488281,82.55999755859375
2021-10-06,102.55257415771484,81.08000183105469
2021-10-07,103.67718505859375,81.94999694824219
2021-10-08,103.60029602050781,82.38999938964844
2021-10-11,103.5426254272461,83.6500015258789
2021-10-12,103.4368896484375,83.41999816894531
2021-10-13,103.16773986816406,83.18000030517578
2021-10-14,103.22541809082031,84.0
2021-10-15,103.76370239257812,84.86000061035156
2021-10-18,103.52339935302734,84.33000183105469
2021-10-19,103.98480224609375,85.08000183105469
2021-10-20,104.17703247070312,85.81999969482422
2021-10-21,104.2539291381836,84.61000061035156
2021-10-22,104.20587158203125,85.52999877929688
2021-10-25,103.93669891357422,85.98999786376953
2021-10-26,101.6105728149414,86.4000015258789
2021-10-27,100.46672058105469,84.58000183105469
2021-10-28,100.3225326538086,84.31999969482422
2021-10-29,100.44750213623047,84.37999725341797
2021-11-01,101.27412414550781,84.70999908447266
2021-11-02,100.56283569335938,84.72000122070312
2021-11-03,101.3702621459961,81.98999786376953
2021-11-04,101.17800903320312,80.54000091552734
2021-11-05,104.73455047607422,82.73999786376953
2021-11-08,104.29238891601562,83.43000030517578
2021-11-09,104.41734313964844,84.77999877929688
2021-11-10,103.3888168334961,82.63999938964844
2021-11-11,102.55257415771484,82.87000274658203
2021-11-12,102.71597290039062,82.16999816894531
2021-11-15,104.14818572998047,82.05000305175781
2021-11-16,102.78325653076172,82.43000030517578
2021-11-17,102.57177734375,80.27999877929688
2021-11-18,102.39875793457031,81.23999786376953
2021-11-19,100.13990020751953,78.88999938964844
2021-11-22,100.49555206298828,79.69999694824219
2021-11-23,100.42829132080078,82.30999755859375
2021-11-24,100.46672058105469,82.25
2021-11-26,96.00666046142578,72.72000122070312
2021-11-29,96.13162994384766,73.44000244140625
2021-11-30,94.29568481445312,70.56999969482422
2021-12-01,91.8253402709961,68.87000274658203
2021-12-02,95.25689697265625,69.66999816894531
2021-12-03,94.54560089111328,69.87999725341797
2021-12-06,97.01593780517578,73.08000183105469
2021-12-07,97.78491973876953,75.44000244140625
2021-12-08,98.87110900878906,75.81999969482422
2021-12-09,98.10211944580078,74.41999816894531
2021-12-10,97.90987396240234,75.1500015258789
2021-12-13,96.14618682861328,74.38999938964844
2021-12-14,95.48191833496094,73.69999694824219
2021-12-15,95.99214172363281,73.87999725341797
2021-12-16,94.8080062866211,75.0199966430664
2021-12-17,94.82726287841797,73.5199966430664
2021-12-20,93.42169952392578,71.5199966430664
2021-12-21,96.96449279785156,73.9800033569336
2021-12-22,97.43621063232422,75.29000091552734
2021-12-23,98.50482940673828,76.8499984741211
2021-12-27,98.81289672851562,78.5999984741211
2021-12-28,99.4097900390625,78.94000244140625
2021-12-29,98.9861831665039,79.2300033569336
2021-12-30,98.88990783691406,79.31999969482422
2021-12-31,98.94768524169922,77.77999877929688
2022-01-03,99.88150024414062,78.9800033569336
2022-01-04,102.29792785644531,80.0
2022-01-05,101.26783752441406,80.80000305175781
2022-01-06,101.6047592163086,81.98999786376953
2022-01-07,102.44232177734375,81.75
2022-01-10,101.48924255371094,80.87000274658203
2022-01-11,102.66374206542969,83.72000122070312
2022-01-12,102.7022705078125,84.66999816894531
2022-01-13,103.19324493408203,84.47000122070312
2022-01-14,104.05006408691406,86.05999755859375
2022-01-18,102.7118911743164,87.51000213623047
2022-01-19,101.37371063232422,88.44000244140625
2022-01-20,100.32435607910156,88.37999725341797
2022-01-21,98.40856170654297,87.88999938964844
2022-01-24,99.08245849609375,86.2699966430664
2022-01-25,98.79364013671875,88.19999694824219
2022-01-26,97.01261901855469,89.95999908447266
2022-01-27,95.13532257080078,89.33999633789062
2022-01-28,95.97289276123047,90.02999877929688
2022-01-31,97.35917663574219,91.20999908447266
2022-02-01,98.52405548095703,89.16000366210938
2022-02-02,99.12095642089844,89.47000122070312
2022-02-03,98.48558807373047,91.11000061035156
2022-02-04,98.60110473632812,93.2699966430664
2022-02-07,99.89112091064453,92.69000244140625
2022-02-08,101.13304138183594,90.77999877929688
2022-02-09,102.35568237304688,91.55000305175781
2022-02-10,101.61439514160156,91.41000366210938
2022-02-11,101.25818634033203,94.44000244140625
2022-02-14,100.2088394165039,96.4800033569336
2022-02-15,101.95134735107422,93.27999877929688
2022-02-16,102.9814453125,94.80999755859375
2022-02-17,101.65289306640625,92.97000122070312
2022-02-18,100.4109878540039,93.54000091552734
2022-02-22,99.02470397949219,96.83999633789062
2022-02-23,97.89830780029297,96.83999633789062
2022-02-24,100.59392547607422,99.08000183105469
2022-02-25,103.6168212890625,97.93000030517578
2022-02-28,107.72762298583984,100.98999786376953
2022-03-01,106.58197784423828,104.97000122070312
2022-03-02,107.38103485107422,112.93000030517578
2022-03-03,105.75405883789062,110.45999908447266
2022-03-04,105.25344848632812,118.11000061035156
2022-03-07,103.11622619628906,123.20999908447266
2022-03-08,101.13304138183594,127.9800033569336
2022-03-09,103.51093292236328,111.13999938964844
2022-03-10,103.4146728515625,109.33000183105469
2022-03-11,101.89356994628906,112.66999816894531
2022-03-14,101.42185974121094,106.9000015258789
2022-03-15,103.14510345458984,99.91000366210938
2022-03-16,102.9140625,98.0199966430664
2022-03-17,104.51215362548828,106.63999938964844
2022-03-18,105.12830352783203,107.93000030517578
2022-03-21,106.4760971069336,115.62000274658203
2022-03-22,107.75650024414062,115.4800033569336
2022-03-23,107.33291625976562,121.5999984741211
2022-03-24,108.51875305175781,119.02999877929688
2022-03-25,108.89472961425781,120.6500015258789
2022-03-28,107.42931365966797,112.4800033569336
2022-03-29,107.99813079833984,110.2300033569336
2022-03-30,108.2102279663086,113.44999694824219
2022-03-31,106.81230163574219,107.91000366210938
2022-04-01,107.63179016113281,104.38999938964844
2022-04-04,107.3329086303711,107.52999877929688
2022-04-05,106.060302734375,106.63999938964844
2022-04-06,105.65536499023438,101.06999969482422
2022-04-07,107.17865753173828,100.58000183105469
2022-04-08,105.72288513183594,102.77999877929688
2022-04-11,106.0892333984375,98.4800033569336
2022-04-12,106.68695068359375,104.63999938964844
2022-04-13,107.61248779296875,108.77999877929688
2022-04-14,107.9017333984375,111.69999694824219
2022-04-18,107.67034912109375,113.16000366210938
2022-04-19,108.60551452636719,107.25
2022-04-20,108.53803253173828,106.80000305175781
2022-04-21,105.32759094238281,108.33000183105469
2022-04-22,104.42133331298828,106.6500015258789
2022-04-25,103.77538299560547,102.31999969482422
2022-04-26,102.3485336303711,104.98999786376953
2022-04-27,101.5193862915039,105.31999969482422
2022-04-28,102.06893920898438,107.58999633789062
2022-04-29,99.1670150756836,109.33999633789062
2022-05-02,99.21520233154297,107.58000183105469
2022-05-03,100.00576782226562,104.97000122070312
2022-05-04,102.63774108886719,110.13999938964844
2022-05-05,100.16002655029297,110.9000015258789
2022-05-06,99.49478149414062,112.38999938964844
2022-05-09,95.0792465209961,105.94000244140625
2022-05-10,95.25279235839844,102.45999908447266
2022-05-11,94.21156311035156,107.51000213623047
2022-05-12,93.59452819824219,107.44999694824219
2022-05-13,95.17564392089844,111.55000305175781
2022-05-16,95.0213851928711,114.23999786376953
2022-05-17,97.26771545410156,111.93000030517578
2022-05-18,94.82857513427734,109.11000061035156
2022-05-19,93.68131256103516,112.04000091552734
2022-05-20,92.81360626220703,112.55000305175781
2022-05-23,94.58756256103516,113.41999816894531
2022-05-24,95.29132843017578,113.55999755859375
2022-05-25,96.10118103027344,114.02999877929688
2022-05-26,97.66301727294922,117.4000015258789
2022-05-27,99.7069091796875,119.43000030517578
2022-05-31,98.51143646240234,122.83999633789062
2022-06-01,98.3957290649414,116.29000091552734
2022-06-02,100.34321594238281,117.61000061035156
2022-06-03,100.28535461425781,119.72000122070312
2022-06-06,100.69991302490234,119.51000213623047
2022-06-07,103.08123779296875,120.56999969482422
2022-06-08,101.16268920898438,123.58000183105469
2022-06-09,99.02442932128906,123.06999969482422
2022-06-10,96.88813781738281,122.01000213623047
2022-06-13,93.2631607055664,122.2699966430664
2022-06-14,92.42215728759766,121.16999816894531
2022-06-15,93.70781707763672,118.51000213623047
2022-06-16,90.53718566894531,119.80999755859375
2022-06-17,90.8561782836914,113.12000274658203
2022-06-21,93.34049987792969,114.6500015258789
2022-06-22,92.94415283203125,111.73999786376953
2022-06-23,92.20948791503906,110.05000305175781
2022-06-24,95.14813232421875,113.12000274658203
2022-06-27,95.33181762695312,115.08999633789062
2022-06-28,94.70348358154297,117.9800033569336
2022-06-29,94.15249633789062,116.26000213623047
2022-06-30,95.86347961425781,114.80999755859375
2022-07-01,96.90746307373047,111.62999725341797
2022-07-05,93.91082000732422,102.7699966430664
2022-07-06,95.11915588378906,100.69000244140625
2022-07-07,95.93113708496094,104.6500015258789
2022-07-08,96.00848388671875,107.0199966430664
2022-07-11,95.21580505371094,107.0999984741211
2022-07-12,95.36080169677734,99.48999786376953
2022-07-13,93.91082000732422,99.56999969482422
2022-07-14,92.89582824707031,99.0999984741211
2022-07-15,93.70781707763672,101.16000366210938
2022-07-18,92.55750274658203,106.2699966430664
2022-07-19,95.89246368408203,107.3499984741211
2022-07-20,97.13943481445312,106.91999816894531
2022-07-21,97.40045166015625,103.86000061035156
2022-07-22,96.65612030029297,103.19999694824219
2022-07-25,97.03311920166016,105.1500015258789
2022-07-26,95.60246276855469,104.4000015258789
2022-07-27,96.2984619140625,106.62000274658203
2022-07-28,98.35743713378906,107.13999938964844
2022-07-29,100.33910369873047,110.01000213623047
2022-08-01,101.09308624267578,100.02999877929688
2022-08-02,101.17041778564453,100.54000091552734
2022-08-03,101.62472534179688,96.77999877929688
2022-08-04,100.9190902709961,94.12000274658203
2022-08-05,100.75475311279297,94.91999816894531
2022-08-08,100.3004379272461,96.6500015258789
2022-08-09,100.45509338378906,96.30999755859375
2022-08-10,102.35941314697266,97.4000015258789
2022-08-11,102.14674377441406,99.5999984741211
2022-08-12,104.08971405029297,98.1500015258789
2022-08-15,104.9210433959961,95.0999984741211
2022-08-16,105.04670715332031,92.33999633789062
2022-08-17,104.3990478515625,93.6500015258789
2022-08-18,104.62138366699219,96.58999633789062
2022-08-19,103.2100830078125,96.72000122070312
2022-08-22,100.96741485595703,96.4800033569336
2022-08-23,101.18974304199219,100.22000122070312
2022-08-24,102.10808563232422,101.22000122070312
2022-08-25,104.26372528076172,99.33999633789062
2022-08-26,101.40241241455078,100.98999786376953
2022-08-29,100.73542785644531,105.08999633789062
2022-08-30,99.33377838134766,99.30999755859375
2022-08-31,98.31877899169922,96.48999786376953
2022-09-01,97.19746398925781,92.36000061035156
2022-09-02,96.79145812988281,93.0199966430664
2022-09-06,96.6948013305664,92.83000183105469
2022-09-07,98.30909729003906,88.0
2022-09-08,98.4541244506836,89.1500015258789
2022-09-09,99.68177032470703,92.83999633789062
2022-09-12,99.85576629638672,94.0
2022-09-13,95.6798095703125,93.16999816894531
2022-09-14,97.18778228759766,94.0999984741211
2022-09-15,96.35646057128906,90.83999633789062
2022-09-16,95.25447082519531,91.3499984741211
2022-09-19,95.92146301269531,92.0
2022-09-20,95.7957992553711,90.62000274658203
2022-09-21,94.84846496582031,89.83000183105469
2022-09-22,93.80448913574219,90.45999908447266
2022-09-23,91.37818145751953,86.1500015258789
2022-09-26,89.98247528076172,84.05999755859375
2022-09-27,89.51661682128906,86.2699966430664
2022-09-28,91.2830581665039,89.31999969482422
2022-09-29,89.20600891113281,88.48999786376953
2022-09-30,88.50719451904297,87.95999908447266
2022-10-03,91.06951141357422,88.86000061035156
2022-10-04,94.08805084228516,91.80000305175781
2022-10-05,93.40861511230469,93.37000274658203
2022-10-06,92.79715728759766,94.41999816894531
2022-10-07,92.40892791748047,97.91999816894531
2022-10-10,93.2145004272461,96.19000244140625
2022-10-11,93.18538665771484,94.29000091552734
2022-10-12,91.09864807128906,92.44999694824219
2022-10-13,92.88450622558594,94.56999969482422
2022-10-14,90.33190155029297,91.62999725341797
2022-10-17,92.70983123779297,91.62000274658203
2022-10-18,96.41741943359375,90.02999877929688
2022-10-19,96.89300537109375,92.41000366210938
2022-10-20,96.70860290527344,92.37999725341797
2022-10-21,98.95063781738281,93.5
2022-10-24,100.01828002929688,93.26000213623047
2022-10-25,100.44532012939453,93.5199966430664
2022-10-26,100.0279769897461,95.69000244140625
2022-10-27,101.71678924560547,96.95999908447266
2022-10-28,104.41499328613281,95.7699966430664
2022-10-31,104.05589294433594,94.83000183105469
2022-11-01,104.18206024169922,94.6500015258789
2022-11-02,102.67766571044922,96.16000366210938
2022-11-03,103.40560913085938,94.66999816894531
2022-11-04,104.01705932617188,98.56999969482422
2022-11-07,105.4729232788086,97.91999816894531
2022-11-08,106.33676147460938,95.36000061035156
2022-11-09,105.60882568359375,92.6500015258789
2022-11-10,109.2387924194336,93.66999816894531
2022-11-11,105.53117370605469,95.98999786376953
2022-11-14,104.25,93.13999938964844
2022-11-15,105.95822143554688,93.86000061035156
2022-11-16,105.21089172363281,92.86000061035156
2022-11-17,105.80293273925781,89.77999877929688
2022-11-18,106.59880828857422,87.62000274658203
2022-11-21,107.13262939453125,87.44999694824219
2022-11-22,107.540283203125,88.36000061035156
2022-11-23,107.75379180908203,85.41000366210938
2022-11-25,108.3458480834961,83.62999725341797
2022-11-28,106.56969451904297,83.19000244140625
2022-11-29,106.76380157470703,83.02999877929688
2022-11-30,108.62731170654297,85.43000030517578
2022-12-01,108.71469116210938,86.87999725341797
2022-12-02,110.75288391113281,85.56999969482422
2022-12-05,109.61730194091797,82.68000030517578
2022-12-06,107.59850311279297,79.3499984741211
2022-12-07,107.21998596191406,77.16999816894531
2022-12-08,107.7732162475586,76.1500015258789
2022-12-09,106.97733306884766,76.0999984741211
2022-12-12,108.40408325195312,77.98999786376953
2022-12-13,108.31654357910156,80.68000030517578
2022-12-14,108.59862518310547,82.69999694824219
2022-12-15,106.51712036132812,81.20999908447266
2022-12-16,106.9742660522461,79.04000091552734
2022-12-19,106.34203338623047,79.80000305175781
2022-12-20,107.21743774414062,79.98999786376953
2022-12-21,109.00714111328125,82.19999694824219
2022-12-22,107.07152557373047,80.9800033569336
2022-12-23,107.8302001953125,83.91999816894531
2022-12-27,108.16091918945312,84.33000183105469
2022-12-28,107.36332702636719,83.26000213623047
2022-12-29,108.47217559814453,82.26000213623047
2022-12-30,108.80287170410156,85.91000366210938
2023-01-03,108.42354583740234,82.0999984741211
2023-01-04,109.0460433959961,77.83999633789062
2023-01-05,108.90016174316406,78.69000244140625
2023-01-06,110.58287048339844,78.56999969482422
2023-01-09,108.47217559814453,79.6500015258789
2023-01-10,109.09468078613281,80.0999984741211
2023-01-11,109.7463607788086,82.66999816894531
2023-01-12,110.61205291748047,84.02999877929688
2023-01-13,109.27947998046875,85.27999877929688
2023-01-17,108.73479461669922,85.91999816894531
2023-01-18,106.85753631591797,84.9800033569336
2023-01-19,105.46662902832031,86.16000366210938
2023-01-20,106.36148071289062,87.62999725341797
2023-01-23,107.50922393798828,88.19000244140625
2023-01-24,109.143310546875,86.12999725341797
2023-01-25,109.60047912597656,86.12000274658203
2023-01-26,110.53423309326172,87.47000122070312
2023-01-27,110.60232543945312,86.66000366210938
2023-01-30,110.0965347290039,84.9000015258789
2023-01-31,111.53607940673828,84.48999786376953
2023-02-01,111.63336181640625,82.83999633789062
2023-02-02,111.0108413696289,82.16999816894531
2023-02-03,110.40779876708984,79.94000244140625
2023-02-06,111.15674591064453,80.98999786376953
2023-02-07,112.13915252685547,83.69000244140625
2023-02-08,111.66252136230469,85.08999633789062
2023-02-09,111.02057647705078,84.5
2023-02-10,112.42121124267578,86.38999938964844
2023-02-13,113.16044616699219,86.61000061035156
2023-02-14,113.99693298339844,85.58000183105469
2023-02-15,114.36656188964844,85.37999725341797
2023-02-16,113.15072631835938,85.13999938964844
2023-02-17,113.62732696533203,83.0
2023-02-21,112.51847839355469,83.05000305175781
2023-02-22,112.82972717285156,80.5999984741211
2023-02-23,112.97563934326172,82.20999908447266
2023-02-24,112.35313415527344,83.16000366210938
2023-02-27,112.34339904785156,82.44999694824219
2023-02-28,111.57498931884766,83.88999938964844
2023-03-01,112.59627532958984,84.30999755859375
2023-03-02,113.88021087646484,84.75
2023-03-03,114.52218627929688,85.83000183105469
2023-03-06,114.29846954345703,86.18000030517578
2023-03-07,113.38417053222656,83.29000091552734
2023-03-08,112.93672180175781,82.66000366210938
2023-03-09,111.00111389160156,81.58999633789062
2023-03-10,109.94090270996094,82.77999877929688
2023-03-13,109.46430206298828,80.7699966430664
2023-03-14,110.70931243896484,77.44999694824219
2023-03-15,108.23873138427734,73.69000244140625
2023-03-16,109.83391571044922,74.69999694824219
2023-03-17,107.44115447998047,72.97000122070312
2023-03-20,109.07522583007812,73.79000091552734
2023-03-21,110.07707977294922,75.31999969482422
2023-03-22,107.87885284423828,76.69000244140625
2023-03-23,107.78131866455078,75.91000366210938
2023-03-24,108.4931640625,74.98999786376953
2023-03-27,109.5073013305664,78.12000274658203
2023-03-28,110.04364013671875,78.6500015258789
2023-03-29,111.23329162597656,78.27999877929688
2023-03-30,111.53558349609375,79.2699966430664
2023-03-31,112.2181625366211,79.7699966430664
2023-04-03,113.97340393066406,84.93000030517578
2023-04-04,112.70574188232422,84.94000244140625
2023-04-05,111.75985717773438,84.98999786376953
2023-04-06,111.57459259033203,85.12000274658203
2023-04-10,112.66674041748047,84.18000030517578
2023-04-11,112.77400970458984,85.61000061035156
2023-04-12,113.43710327148438,87.33000183105469
2023-04-13,113.98316955566406,86.08999633789062
2023-04-14,112.0816650390625,86.30999755859375
2023-04-17,113.24205780029297,84.76000213623047
2023-04-18,114.490234375,84.7699966430664
2023-04-19,114.05142974853516,83.12000274658203
2023-04-20,113.5053482055664,81.0999984741211
2023-04-21,112.69599151611328,81.66000366210938
2023-04-24,112.74475860595703,82.7300033569336
2023-04-25,111.4283218383789,80.7699966430664
2023-04-26,109.11725616455078,77.69000244140625
2023-04-27,110.72622680664062,78.37000274658203
2023-04-28,111.12602996826172,79.54000091552734
2023-05-01,111.40882873535156,79.30999755859375
2023-05-02,110.8530044555664,75.31999969482422
2023-05-03,109.54630279541016,72.33000183105469
2023-05-04,107.96662139892578,72.5
2023-05-05,108.98074340820312,75.30000305175781
2023-05-08,108.37615966796875,77.01000213623047
2023-05-09,109.63408660888672,77.44000244140625
2023-05-10,108.72720336914062,76.41000366210938
2023-05-11,108.36640930175781,74.9800033569336
2023-05-12,108.13236999511719,74.16999816894531
2023-05-15,109.4292984008789,75.2300033569336
2023-05-16,108.36640930175781,74.91000366210938
2023-05-17,110.22889709472656,76.95999908447266
2023-05-18,110.51171112060547,75.86000061035156
2023-05-19,109.77059173583984,75.58000183105469
2023-05-22,110.24840545654297,75.98999786376953
2023-05-23,108.1616439819336,76.83999633789062
2023-05-24,107.0694808959961,78.36000061035156
2023-05-25,106.28937530517578,76.26000213623047
2023-05-26,106.94270324707031,76.94999694824219
2023-05-30,106.73792266845703,73.54000091552734
2023-05-31,105.95784759521484,72.66000366210938
2023-06-01,107.4205322265625,74.27999877929688
2023-06-02,109.87786865234375,76.12999725341797
2023-06-05,109.03924560546875,76.70999908447266
2023-06-06,110.02412414550781,76.29000091552734
2023-06-07,111.90716552734375,76.94999694824219
2023-06-08,112.81595611572266,75.95999908447266
2023-06-09,112.46416473388672,74.79000091552734
2023-06-12,113.20681762695312,71.83999633789062
2023-06-13,113.1188735961914,74.29000091552734
2023-06-14,111.88762664794922,73.19999694824219
2023-06-15,113.0993423461914,75.66999816894531
2023-06-16,113.23615264892578,76.61000061035156
2023-06-20,112.61073303222656,75.9000015258789
2023-06-21,113.64655303955078,77.12000274658203
2023-06-22,111.89739990234375,74.13999938964844
2023-06-23,111.05702209472656,73.8499984741211
2023-06-26,110.8811264038086,74.18000030517578
2023-06-27,112.25894165039062,72.26000213623047
2023-06-28,112.13191223144531,74.02999877929688
2023-06-29,113.7051773071289,74.33999633789062
2023-06-30,114.00811767578125,74.9000015258789
2023-07-03,114.2524185180664,74.6500015258789
2023-07-05,114.06675720214844,76.6500015258789
2023-07-06,113.44132995605469,76.5199966430664
2023-07-07,113.39250183105469,78.47000122070312
2023-07-10,114.0863037109375,77.69000244140625
2023-07-11,115.4738998413086,79.4000015258789
2023-07-12,114.74099731445312,80.11000061035156
2023-07-13,114.8778076171875,81.36000061035156
2023-07-14,113.54884338378906,79.87000274658203
2023-07-17,114.13516235351562,78.5
2023-07-18,113.62702178955078,79.62999725341797
2023-07-19,112.9723129272461,79.45999908447266
2023-07-20,114.34037017822266,79.63999938964844
2023-07-21,113.7247314453125,81.06999969482422
2023-07-24,114.30126190185547,82.73999786376953
2023-07-25,111.95602416992188,83.63999938964844
2023-07-26,113.63678741455078,82.91999816894531
2023-07-27,113.19703674316406,84.23999786376953
2023-07-28,114.2621841430664,84.98999786376953
2023-07-31,115.03416442871094,85.55999755859375
2023-08-01,115.03416442871094,84.91000366210938
2023-08-02,112.66937255859375,83.19999694824219
2023-08-03,112.42508697509766,85.13999938964844
2023-08-04,113.01140594482422,86.23999786376953
2023-08-07,114.6530532836914,85.33999633789062
2023-08-08,114.15469360351562,86.16999816894531
2023-08-09,114.80941009521484,87.55000305175781
2023-08-10,114.24263763427734,86.4000015258789
2023-08-11,114.55535125732422,86.80999755859375
2023-08-14,114.22310638427734,86.20999908447266
2023-08-15,112.62049865722656,84.88999938964844
2023-08-16,112.1807861328125,83.44999694824219
2023-08-17,111.19383239746094,84.12000274658203
2023-08-18,112.02442169189453,84.80000305175781
2023-08-21,112.08304595947266,84.45999908447266
2023-08-22,112.53256225585938,84.02999877929688
2023-08-23,112.90390014648438,83.20999908447266
2023-08-24,110.85181427001953,83.36000061035156
2023-08-25,111.45767211914062,84.4800033569336
2023-08-28,112.79640197753906,84.41999816894531
2023-08-29,113.07000732421875,85.48999786376953
2023-08-30,114.05697631835938,85.86000061035156
2023-08-31,113.51952362060547,86.86000061035156
2023-09-01,113.78335571289062,88.55000305175781
2023-09-05,112.21009063720703,90.04000091552734
2023-09-06,110.78341674804688,90.5999984741211
2023-09-07,110.73455810546875,89.91999816894531
2023-09-08,109.57169342041016,90.6500015258789
2023-09-11,107.98866271972656,90.63999938964844
2023-09-12,107.4218978881836,92.05999755859375
2023-09-13,106.99192810058594,91.87999725341797
2023-09-14,107.59778594970703,93.69999694824219
2023-09-15,107.31439208984375,93.93000030517578
2023-09-18,107.52938079833984,94.43000030517578
2023-09-19,106.91376495361328,94.33999633789062
2023-09-20,106.50333404541016,93.52999877929688
2023-09-21,104.6760025024414,93.30000305175781
2023-09-22,103.70858001708984,93.2699966430664
2023-09-25,104.13855743408203,93.29000091552734
2023-09-26,103.21316528320312,93.95999908447266
2023-09-27,104.1826171875,96.55000305175781
2023-09-28,103.66361999511719,95.37999725341797
2023-09-29,103.77135467529297,95.30999755859375
2023-10-02,102.60603332519531,90.70999908447266
2023-10-03,101.85201263427734,90.91999816894531
2023-10-04,101.41132354736328,85.80999755859375
2023-10-05,101.01963806152344,84.06999969482422
2023-10-06,101.93035125732422,84.58000183105469
2023-10-09,106.46427917480469,88.1500015258789
2023-10-10,107.22810363769531,87.6500015258789
2023-10-11,107.8744125366211,85.81999969482422
2023-10-12,106.55242156982422,86.0
2023-10-13,106.40552520751953,90.88999938964844
2023-10-16,107.06161499023438,89.6500015258789
2023-10-17,107.38477325439453,89.9000015258789
2023-10-18,107.04202270507812,91.5
2023-10-19,106.00403594970703,92.37999725341797
2023-10-20,104.6624526977539,92.16000366210938
2023-10-23,104.59390258789062,89.83000183105469
2023-10-24,105.690673828125,88.06999969482422
2023-10-25,105.49481964111328,90.12999725341797
2023-10-26,105.80818176269531,87.93000030517578
2023-10-27,105.02478790283203,90.4800033569336
2023-10-30,105.48503112792969,87.44999694824219
2023-10-31,107.58063507080078,87.41000366210938
2023-11-01,108.27589416503906,84.62999725341797
2023-11-02,110.48902130126953,86.8499984741211
2023-11-03,111.0667724609375,84.88999938964844
2023-11-06,110.7729721069336,85.18000030517578
2023-11-07,110.57711791992188,81.61000061035156
2023-11-08,110.42046356201172,79.54000091552734
2023-11-09,110.43025207519531,80.01000213623047
2023-11-10,111.59555053710938,81.43000030517578
2023-11-13,112.8979721069336,82.5199966430664
2023-11-14,113.76950073242188,82.47000122070312
2023-11-15,113.75971221923828,81.18000030517578
2023-11-16,113.27008056640625,77.41999816894531
2023-11-17,113.3484115600586,80.61000061035156
2023-11-20,114.59207153320312,82.31999969482422
2023-11-21,114.72916412353516,82.44999694824219
2023-11-22,115.51256561279297,81.95999908447266
2023-11-23,,81.37000274658203
2023-11-24,116.03157043457031,80.58000183105469
2023-11-27,115.4146499633789,79.9800033569336
2023-11-28,115.47339630126953,81.68000030517578
2023-11-29,115.35589599609375,83.0999984741211
2023-11-30,117.3731460571289,82.83000183105469
2023-12-01,118.7636947631836,78.87999725341797
2023-12-04,119.70376586914062,78.02999877929688
2023-12-05,118.665771484375,77.19999694824219
2023-12-06,119.05745697021484,74.30000305175781
2023-12-07,118.83223724365234,74.05000305175781
2023-12-08,119.7429428100586,75.83999633789062
2023-12-11,120.90825653076172,76.02999877929688
2023-12-12,121.2118148803711,73.23999786376953
2023-12-13,122.9842529296875,74.26000213623047
2023-12-14,122.25961303710938,76.61000061035156
2023-12-15,122.3183822631836,76.55000305175781
2023-12-18,122.54359436035156,77.94999694824219
2023-12-19,123.83619689941406,79.2300033569336
2023-12-20,121.8542709350586,79.69999694824219
2023-12-21,123.02357482910156,79.38999938964844
2023-12-22,123.7310562133789,79.06999969482422
2023-12-26,124.39923858642578,81.06999969482422
2023-12-27,124.47785186767578,79.6500015258789
2023-12-28,124.4090805053711,78.38999938964844
2023-12-29,124.39923858642578,77.04000091552734
2024-01-02,123.25940704345703,75.88999938964844
2024-01-03,121.57913970947266,78.25
2024-01-04,121.5693130493164,77.58999633789062
2024-01-05,121.68721008300781,78.76000213623047
2024-01-08,120.30174255371094,76.12000274658203
2024-01-09,119.3584213256836,77.58999633789062
2024-01-10,120.13468933105469,76.80000305175781
2024-01-11,119.3584213256836,77.41000366210938
2024-01-12,120.21329498291016,78.29000091552734
2024-01-16,117.22615051269531,78.29000091552734
2024-01-17,117.24579620361328,77.87999725341797
2024-01-18,119.1029281616211,79.0999984741211
2024-01-19,119.59424591064453,78.55999755859375
2024-01-22,120.04624938964844,80.05999755859375
2024-01-23,120.30174255371094,79.55000305175781
2024-01-24,120.63582611083984,80.04000091552734
2024-01-25,119.55494689941406,82.43000030517578
2024-01-26,119.91851806640625,83.55000305175781
2024-01-29,120.13468933105469,82.4000015258789
2024-01-30,119.9676284790039,82.87000274658203
2024-01-31,120.51790618896484,81.70999908447266
2024-02-01,121.54965209960938,78.69999694824219
2024-02-02,121.48088073730469,77.33000183105469
2024-02-05,121.03870391845703,77.98999786376953
2024-02-06,121.95254516601562,78.58999633789062
2024-02-07,122.8565444946289,79.20999908447266
2024-02-08,122.28661346435547,81.62999725341797
2024-02-09,122.49298095703125,82.19000244140625
2024-02-12,122.71898651123047,82.0
2024-02-13,121.94270324707031,82.7699966430664
2024-02-14,123.14149475097656,81.5999984741211
2024-02-15,124.0455093383789,82.86000061035156
2024-02-16,123.4559326171875,83.47000122070312
2024-02-20,123.24958038330078,82.33999633789062
2024-02-21,123.3380126953125,83.02999877929688
2024-02-22,123.79002380371094,83.66999816894531
2024-02-23,124.22238159179688,81.62000274658203
2024-02-26,124.03568267822266,82.52999877929688
2024-02-27,124.1830825805664,83.6500015258789
2024-02-28,125.90264892578125,83.68000030517578
2024-02-29,125.65697479248047,83.62000274658203
2024-03-01,125.66683197021484,83.55000305175781
2024-03-04,126.63963317871094,82.80000305175781
2024-03-05,126.51187133789062,82.04000091552734
2024-03-06,127.27830505371094,82.95999908447266
2024-03-07,127.61239624023438,82.95999908447266
2024-03-08,126.93438720703125,82.08000183105469
2024-03-11,125.70613098144531,82.20999908447266
2024-03-12,124.74317169189453,81.91999816894531
2024-03-13,124.74317169189453,84.02999877929688
2024-03-14,124.56627655029297,85.41999816894531
2024-03-15,124.99864959716797,85.33999633789062
2024-03-18,124.87091064453125,86.88999938964844
2024-03-19,126.0107421875,87.37999725341797
2024-03-20,127.42572021484375,85.94999694824219
2024-03-21,127.59901428222656,85.77999877929688
2024-03-22,128.10118103027344,85.43000030517578
2024-03-25,128.21932983398438,86.75
2024-03-26,127.98301696777344,86.25
2024-03-27,129.8242645263672,86.08999633789062
2024-03-28,129.90304565429688,87.4800033569336
2024-04-01,128.87904357910156,87.41999816894531
2024-04-02,128.22918701171875,88.91999816894531
2024-04-03,127.66793060302734,89.3499984741211
2024-04-04,128.17007446289062,90.6500015258789
2024-04-05,129.3319549560547,91.16999816894531
2024-04-08,129.05625915527344,90.37999725341797
2024-04-09,127.68762969970703,89.41999816894531
2024-04-10,127.23468780517578,90.4800033569336
2024-04-11,127.17559814453125,89.73999786376953
2024-04-12,125.75772857666016,90.44999694824219
2024-04-15,125.09801483154297,90.0999984741211
2024-04-16,125.69866180419922,90.0199966430664
2024-04-17,125.55096435546875,87.29000091552734
2024-04-18,125.5017318725586,87.11000061035156
2024-04-19,126.03340911865234,87.29000091552734
2024-04-22,126.52574157714844,87.0
2024-04-23,127.38236236572266,88.41999816894531
2024-04-24,126.53559112548828,88.0199966430664
2024-04-25,127.02790832519531,89.01000213623047
2024-04-26,127.53990936279297,89.5
2024-04-29,129.11534118652344,88.4000015258789
2024-04-30,127.85501098632812,87.86000061035156
2024-05-01,128.1110076904297,83.44000244140625
2024-05-02,130.03103637695312,83.66999816894531
2024-05-03,130.53321838378906,82.95999908447266
2024-05-06,131.55722045898438,83.33000183105469
2024-05-07,131.38983154296875,83.16000366210938
2024-05-08,132.0298614501953,83.58000183105469
2024-05-09,133.28036499023438,83.87999725341797
2024-05-10,133.02435302734375,82.79000091552734
2024-05-13,132.2464599609375,83.36000061035156
2024-05-14,132.59109497070312,82.37999725341797
2024-05-15,132.2957000732422,82.75
2024-05-16,132.86680603027344,83.2699966430664
2024-05-17,133.41819763183594,83.9800033569336
2024-05-20,134.28468322753906,83.70999908447266
2024-05-21,134.3929901123047,82.87999725341797
2024-05-22,134.550537109375,81.9000015258789
2024-05-23,132.0988006591797,81.36000061035156
2024-05-24,133.46742248535156,82.12000274658203
2024-05-28,132.21694946289062,84.22000122070312
2024-05-29,130.60214233398438,83.5999984741211
2024-05-30,131.7344512939453,81.86000061035156
2024-05-31,133.93020629882812,81.62000274658203
2024-06-03,134.47178649902344,78.36000061035156
2024-06-04,134.66867065429688,77.5199966430664
2024-06-05,135.2791748046875,78.41000366210938
2024-06-06,134.73760986328125,79.87000274658203
2024-06-07,134.37330627441406,79.62000274658203
2024-06-10,134.07791137695312,81.62999725341797
2024-06-11,132.91250610351562,81.91999816894531
2024-06-12,133.07040405273438,82.5999984741211
2024-06-13,131.9257049560547,82.75
2024-06-14,130.54417419433594,82.62000274658203
2024-06-17,131.6592559814453,84.25
2024-06-18,131.9750213623047,85.33000183105469
2024-06-20,132.31053161621094,85.70999908447266
2024-06-21,132.60658264160156,85.23999786376953
2024-06-24,131.51123046875,86.01000213623047
2024-06-25,130.54417419433594,85.01000213623047
2024-06-26,130.79086303710938,85.25
2024-06-27,131.01783752441406,86.38999938964844
2024-06-28,130.30731201171875,86.41000366210938
2024-07-01,129.84352111816406,86.5999984741211
2024-07-02,130.78099060058594,86.23999786376953
2024-07-03,131.392822265625,87.33999633789062
2024-07-05,130.6527099609375,86.54000091552734
2024-07-08,131.4717559814453,85.75
2024-07-09,131.05728149414062,84.66000366210938
2024-07-10,131.7974090576172,85.08000183105469
2024-07-11,131.8665008544922,85.4000015258789
2024-07-12,131.3533172607422,85.02999877929688
2024-07-15,132.11317443847656,84.8499984741211
2024-07-16,135.52752685546875,83.7300033569336
2024-07-17,133.8499298095703,85.08000183105469
2024-07-18,132.97169494628906,85.11000061035156
2024-07-19,132.13290405273438,82.62999725341797
2024-07-22,133.88941955566406,82.4000015258789
2024-07-23,137.5406036376953,81.01000213623047
2024-07-24,134.14599609375,81.70999908447266
2024-07-25,137.6787567138672,82.37000274658203
2024-07-26,139.04054260253906,81.12999725341797
2024-07-29,138.8826446533203,79.77999877929688
2024-07-30,139.76089477539062,78.62999725341797
2024-07-31,141.29046630859375,80.72000122070312
2024-08-01,139.61288452148438,79.5199966430664
2024-08-02,135.37950134277344,76.80999755859375
2024-08-05,133.26773071289062,76.30000305175781
2024-08-06,134.027587890625,76.4800033569336
2024-08-07,134.70846557617188,78.33000183105469
2024-08-08,137.68862915039062,79.16000366210938
2024-08-09,138.36952209472656,79.66000366210938
2024-08-12,138.3004150390625,82.30000305175781
2024-08-13,139.12936401367188,80.69000244140625
2024-08-14,139.51422119140625,79.76000213623047
2024-08-15,141.45819091796875,81.04000091552734
2024-08-16,141.98123168945312,79.68000030517578
2024-08-19,142.5831756591797,77.66000366210938
2024-08-20,141.44834899902344,77.19999694824219
2024-08-21,141.99107360839844,76.05000305175781
2024-08-22,142.05027770996094,77.22000122070312
2024-08-23,142.89894104003906,79.0199966430664
2024-08-26,142.49435424804688,81.43000030517578
2024-08-27,142.8397216796875,79.55000305175781
2024-08-28,143.38247680664062,78.6500015258789
2024-08-29,144.8231964111328,79.94000244140625
2024-08-30,145.7606658935547,78.80000305175781
2024-09-03,140.77731323242188,73.75
2024-09-04,141.7147674560547,72.69999694824219
2024-09-05,140.37274169921875,72.69000244140625
2024-09-06,138.122802734375,71.05999755859375
2024-09-09,141.04373168945312,71.83999633789062
2024-09-10,140.5108642578125,69.19000244140625
2024-09-11,140.41220092773438,70.61000061035156
2024-09-12,142.2673797607422,71.97000122070312
2024-09-13,143.47125244140625,71.61000061035156
2024-09-16,144.14230346679688,72.75
2024-09-17,143.7969512939453,73.69999694824219
2024-09-18,143.8857421875,73.6500015258789
2024-09-19,145.3363494873047,74.87999725341797
2024-09-20,145.93829345703125,74.48999786376953
2024-09-23,147.64544677734375,73.9000015258789
2024-09-24,147.24087524414062,75.16999816894531
2024-09-25,147.000732421875,73.45999908447266
2024-09-26,146.0717010498047,71.5999984741211
2024-09-27,146.77340698242188,71.9800033569336
2024-09-30,147.89019775390625,71.7699966430664
2024-10-01,149.5802001953125,73.55999755859375
2024-10-02,149.59007263183594,73.9000015258789
2024-10-03,148.6116485595703,77.62000274658203
2024-10-04,150.02493286132812,78.05000305175781
2024-10-07,149.5604248046875,80.93000030517578
2024-10-08,149.60983276367188,77.18000030517578
2024-10-09,150.064453125,76.58000183105469
2024-10-10,148.63140869140625,79.4000015258789
2024-10-11,151.07252502441406,79.04000091552734
2024-10-14,151.9521026611328,77.45999908447266
2024-10-15,151.17138671875,74.25
2024-10-16,152.8811492919922,74.22000122070312
2024-10-17,153.08868408203125,74.44999694824219
2024-10-18,153.04913330078125,73.05999755859375
2024-10-21,153.79037475585938,74.29000091552734
2024-10-22,148.75991821289062,76.04000091552734
2024-10-23,149.21450805664062,74.95999908447266
2024-10-24,147.64309692382812,74.37999725341797
2024-10-25,147.87042236328125,76.05000305175781
2024-10-28,146.96115112304688,71.41999816894531
2024-10-29,145.8048553466797,71.12000274658203
2024-10-30,145.61708068847656,72.55000305175781
2024-10-31,142.74111938476562,73.16000366210938
2024-11-01,142.84982299804688,73.0999984741211
2024-11-04,143.06724548339844,75.08000183105469
2024-11-05,144.77703857421875,75.52999877929688
2024-11-06,149.39242553710938,74.91999816894531
2024-11-07,148.50294494628906,75.62999725341797
2024-11-08,153.9979248046875,73.87000274658203
2024-11-11,155.4705047607422,71.83000183105469
2024-11-12,153.68165588378906,71.88999938964844
2024-11-13,154.24501037597656,72.27999877929688
2024-11-14,149.4022979736328,72.55999755859375
2024-11-15,148.3349151611328,71.04000091552734
2024-11-18,148.55233764648438,73.30000305175781
2024-11-19,149.21450805664062,73.30999755859375
2024-11-20,149.8865509033203,72.80999755859375
2024-11-21,151.13182067871094,74.2300033569336
2024-11-22,152.70323181152344,75.16999816894531
2024-11-25,151.09228515625,73.01000213623047
2024-11-26,152.8811492919922,72.80999755859375
2024-11-27,152.0608367919922,72.83000183105469
2024-11-29,153.75083923339844,72.94000244140625
2024-12-02,151.57655334472656,71.83000183105469
2024-12-03,151.61611938476562,73.62000274658203
2024-12-04,153.42469787597656,72.30999755859375
2024-12-05,150.9934539794922,72.08999633789062
2024-12-06,150.331298828125,71.12000274658203
2024-12-09,147.5541534423828,72.13999938964844
2024-12-10,148.028564453125,72.19000244140625
2024-12-11,147.54425048828125,73.5199966430664
2024-12-12,145.81472778320312,73.41000366210938
2024-12-13,146.63504028320312,74.48999786376953
2024-12-16,147.87042236328125,73.91000366210938
2024-12-17,146.55908203125,73.19000244140625
2024-12-18,141.77157592773438,73.38999938964844
2024-12-19,143.04029846191406,72.87999725341797
2024-12-20,145.03262329101562,72.94000244140625
2024-12-23,145.22091674804688,72.62999725341797
2024-12-24,146.55908203125,73.58000183105469
2024-12-26,147.14385986328125,73.26000213623047
2024-12-27,146.32118225097656,74.16999816894531
2024-12-30,144.42800903320312,74.38999938964844
2024-12-31,144.0711669921875,74.63999938964844
2025-01-02,143.58544921875,75.93000030517578
2025-01-03,144.91368103027344,76.51000213623047
2025-01-06,143.6945037841797,76.30000305175781
2025-01-07,143.56564331054688,77.05000305175781
2025-01-08,144.7154083251953,76.16000366210938
2025-01-09,,76.91999816894531
2025-01-10,143.80352783203125,79.76000213623047
2025-01-13,144.8442840576172,81.01000213623047
2025-01-14,146.77713012695312,79.91999816894531
2025-01-15,147.5800018310547,82.02999877929688
2025-01-16,149.02716064453125,81.29000091552734
2025-01-17,150.28598022460938,80.79000091552734
2025-01-21,155.12303161621094,79.29000091552734
2025-01-22,154.2111358642578,79.0
2025-01-23,157.10545349121094,78.29000091552734
2025-01-24,155.34112548828125,78.5
2025-01-27,153.6560821533203,77.08000183105469
2025-01-28,153.56683349609375,77.48999786376953
2025-01-29,152.6053924560547,76.58000183105469
2025-01-30,155.8367156982422,76.87000274658203
2025-01-31,155.20233154296875,76.76000213623047
2025-02-03,155.4104766845703,75.95999908447266
2025-02-04,154.4589385986328,76.19999694824219
2025-02-05,155.93582153320312,74.61000061035156
2025-02-06,155.64837646484375,74.29000091552734
2025-02-07,155.07347106933594,74.66000366210938
2025-02-10,155.7970428466797,75.87000274658203
2025-02-11,156.0944061279297,77.0
2025-02-12,155.03382873535156,75.18000030517578
2025-02-13,153.685791015625,75.0199966430664
2025-02-14,152.19900512695312,74.73999786376953
2025-02-18,153.37852478027344,75.83999633789062
2025-02-19,153.01177978515625,76.04000091552734
2025-02-20,151.5745391845703,76.4800033569336
2025-02-21,148.03598022460938,74.43000030517578
2025-02-24,148.27386474609375,74.77999877929688
2025-02-25,149.12628173828125,73.0199966430664
2025-02-26,149.81019592285156,72.52999877929688
2025-02-27,150.95999145507812,74.04000091552734
2025-02-28,153.42807006835938,73.18000030517578
2025-03-03,151.7034149169922,71.62000274658203
2025-03-04,148.03598022460938,71.04000091552734
2025-03-05,151.1780548095703,69.30000305175781
2025-03-06,148.11526489257812,69.45999908447266
2025-03-07,148.42251586914062,70.36000061035156
2025-03-10,146.81678771972656,69.27999877929688
2025-03-11,147.02491760253906,69.55999755859375
2025-03-12,148.01612854003906,70.94999694824219
2025-03-13,147.61964416503906,69.87999725341797
2025-03-14,149.90931701660156,70.58000183105469
2025-03-17,152.08004760742188,71.06999969482422
2025-03-18,151.63624572753906,70.55999755859375
2025-03-19,155.2601318359375,70.77999877929688
2025-03-20,154.01907348632812,72.0
2025-03-21,153.63186645507812,72.16000366210938
2025-03-24,156.9876708984375,73.0
2025-03-25,158.35775756835938,73.0199966430664
2025-03-26,156.00474548339844,73.79000091552734
2025-03-27,155.2501983642578,74.02999877929688
2025-03-28,152.13265991210938,73.62999725341797
2025-03-31,152.00360107421875,74.73999786376953
2025-04-01,153.10565185546875,74.48999786376953
2025-04-02,153.67156982421875,74.94999694824219
2025-04-03,146.72171020507812,70.13999938964844
2025-04-04,134.34100341796875,65.58000183105469
2025-04-07,134.82749938964844,64.20999908447266
2025-04-08,136.41603088378906,62.81999969482422
2025-04-09,148.75701904296875,65.4800033569336
2025-04-10,146.02671813964844,63.33000183105469
2025-04-11,148.0421905517578,64.76000213623047
2025-04-14,149.78956604003906,64.87999725341797
2025-04-15,149.2335968017578,64.66999816894531
2025-04-16,148.58824157714844,65.8499984741211
2025-04-17,148.47901916503906,67.95999908447266
2025-04-21,145.41116333007812,66.26000213623047
2025-04-22,145.11331176757812,67.44000244140625
2025-04-23,149.1641082763672,66.12000274658203
2025-04-24,151.76531982421875,66.55000305175781
2025-04-25,153.62191772460938,66.87000274658203
2025-04-28,154.60484313964844,65.86000061035156
2025-04-29,155.30975341796875,64.25
2025-04-30,155.7863311767578,63.119998931884766
2025-05-01,157.41458129882812,62.130001068115234
2025-05-02,160.20445251464844,61.290000915527344
2025-05-05,160.09523010253906,60.22999954223633
2025-05-06,158.98326110839844,62.150001525878906
2025-05-07,159.16195678710938,61.119998931884766
2025-05-08,162.26954650878906,62.84000015258789
2025-05-09,162.16033935546875,63.90999984741211
2025-05-12,164.45379638671875,64.95999908447266
2025-05-13,165.74449157714844,66.62999725341797
2025-05-14,165.92318725585938,66.08999633789062
2025-05-15,169.44776916503906,64.52999877929688
2025-05-16,170.7086944580078,65.41000366210938
2025-05-19,172.05897521972656,65.54000091552734
2025-05-20,172.16815185546875,65.37999725341797
2025-05-21,169.56692504882812,64.91000366210938
2025-05-22,168.9811553955078,64.44000244140625
2025-05-23,169.82505798339844,64.77999877929688
2025-05-27,174.02476501464844,64.08999633789062
2025-05-28,174.24319458007812,64.9000015258789
2025-05-29,175.04739379882812,64.1500015258789
2025-05-30,175.97073364257812,63.900001525878906
2025-06-02,176.96359252929688,64.62999725341797
2025-06-03,178.0656280517578,65.62999725341797
2025-06-04,178.8499755859375,64.86000061035156
2025-06-05,178.94924926757812,65.33999633789062
2025-06-06,180.6569366455078,66.47000122070312
2025-06-09,181.33206176757812,67.04000091552734
2025-06-10,177.84719848632812,66.87000274658203
2025-06-11,179.39601135253906,69.7699966430664
2025-06-12,178.1847686767578,69.36000061035156
2025-06-13,178.9293975830078,74.2300033569336
2025-06-16,178.0469207763672,73.2300033569336
2025-06-17,178.86181640625,76.44999694824219
2025-06-18,177.6692657470703,76.69999694824219
2025-06-20,179.3189697265625,77.01000213623047
2025-06-23,181.87298583984375,71.4800033569336
2025-06-24,180.6208038330078,67.13999938964844
2025-06-25,180.9090118408203,67.68000030517578
2025-06-26,183.35372924804688,67.7300033569336
2025-06-27,186.38479614257812,67.7699966430664
2025-06-30,187.468017578125,67.61000061035156
2025-07-01,183.86056518554688,67.11000061035156
2025-07-02,183.58229064941406,69.11000061035156
2025-07-03,185.69906616210938,68.80000305175781
2025-07-04,,68.29000091552734
2025-07-07,186.9015655517578,69.58000183105469
2025-07-08,185.5996856689453,70.1500015258789
2025-07-09,187.73634338378906,70.19000244140625
2025-07-10,187.47793579101562,68.63999938964844
2025-07-11,188.60092163085938,70.36000061035156
2025-07-14,192.4369354248047,69.20999908447266
2025-07-15,192.01956176757812,68.70999908447266
2025-07-16,193.2220458984375,68.5199966430664
2025-07-17,194.64315795898438,69.5199966430664
2025-07-18,194.8916015625,69.27999877929688
2025-07-21,193.44065856933594,69.20999908447266
2025-07-22,190.98602294921875,68.58999633789062
2025-07-23,195.666748046875,68.51000213623047
2025-07-24,195.61708068847656,69.18000030517578
2025-07-25,197.03819274902344,68.44000244140625
2025-07-28,196.8195343017578,70.04000091552734
2025-07-29,196.004638671875,72.51000213623047
2025-07-30,197.40589904785156,73.23999786376953
2025-07-31,195.37857055664062,72.52999877929688
2025-08-01,194.56365966796875,69.66999816894531
2025-08-04,196.680419921875,68.76000213623047
2025-08-05,196.31271362304688,67.63999938964844
2025-08-06,196.1835479736328,66.88999938964844
2025-08-07,195.736328125,66.43000030517578
2025-08-08,195.2294921875,66.58999633789062
2025-08-11,195.04066467285156,66.62999725341797
2025-08-12,197.00836181640625,66.12000274658203
2025-08-13,195.58724975585938,65.62999725341797
2025-08-14,194.77235412597656,66.83999633789062
2025-08-15,193.86801147460938,65.8499984741211
2025-08-18,194.7127227783203,66.5999984741211
2025-08-19,192.03944396972656,65.79000091552734
2025-08-20,193.102783203125,66.83999633789062
2025-08-21,193.74874877929688,67.66999816894531
2025-08-22,194.5934600830078,67.7300033569336
2025-08-25,194.14627075195312,68.80000305175781
2025-08-26,198.737548828125,67.22000122070312
2025-08-27,198.00216674804688,68.05000305175781
2025-08-28,198.91644287109375,68.62000274658203
2025-08-29,197.187255859375,68.12000274658203
2025-09-02,197.26673889160156,69.13999938964844
2025-09-03,195.7164306640625,67.5999984741211
2025-09-04,197.28665161132812,66.98999786376953
2025-09-05,196.8990478515625,65.5
2025-09-08,196.42202758789062,66.0199966430664
2025-09-09,195.0108642578125,66.38999938964844
2025-09-10,197.6642608642578,67.48999786376953
2025-09-11,198.82701110839844,66.37000274658203
2025-09-12,198.18104553222656,66.98999786376953
2025-09-15,200.56614685058594,67.44000244140625
2025-09-16,201.3840789794922,68.47000122070312
2025-09-17,200.01751708984375,67.94999694824219
2025-09-18,202.46136474609375,67.44000244140625
2025-09-19,202.89027404785156,66.68000030517578
2025-09-22,203.77804565429688,66.56999969482422
2025-09-23,205.64337158203125,67.62999725341797
2025-09-24,203.1596221923828,69.30999755859375
2025-09-25,202.6009979248047,69.41999816894531
2025-09-26,205.18450927734375,70.12999725341797
2025-09-29,204.9251708984375,67.97000122070312
2025-09-30,208.735595703125,67.0199966430664
2025-10-01,208.72561645507812,65.3499984741211
2025-10-02,208.8553009033203,64.11000061035156
2025-10-03,209.02487182617188,64.52999877929688
2025-10-06,212.01736450195312,65.47000122070312
2025-10-07,212.4263458251953,65.44999694824219
2025-10-08,214.62081909179688,66.25
2025-10-09,210.7106475830078,65.22000122070312
2025-10-10,205.52366638183594,62.72999954223633
2025-10-13,208.595947265625,63.31999969482422
2025-10-14,210.22186279296875,62.38999938964844
2025-10-15,207.1595458984375,61.90999984741211
2025-10-16,205.73313903808594,61.060001373291016
2025-10-17,205.41395568847656,61.290000915527344
2025-10-20,209.08473205566406,61.0099983215332
2025-10-21,212.8253173828125,61.31999969482422
2025-10-22,210.01239013671875,62.59000015258789
2025-10-23,215.17942810058594,65.98999786376953
2025-10-24,216.31654357910156,65.94000244140625
2025-10-27,218.35145568847656,65.62000274658203
2025-10-28,216.99484252929688,64.4000015258789
2025-10-29,216.9050750732422,64.91999816894531
2025-10-30,214.77044677734375,65.0
2025-10-31,215.24923706054688,65.06999969482422
2025-11-03,214.44126892089844,64.88999938964844
2025-11-04,211.22933959960938,64.44000244140625
2025-11-05,208.945068359375,63.52000045776367
2025-11-06,207.04983520507812,63.380001068115234
2025-11-07,208.51614379882812,63.630001068115234
2025-11-10,210.44131469726562,64.05999755859375
2025-11-11,209.98245239257812,65.16000366210938
2025-11-12,209.11463928222656,62.709999084472656
2025-11-13,204.5261688232422,63.0099983215332
2025-11-14,205.42391967773438,64.38999938964844
2025-11-17,203.29925537109375,64.19999694824219
2025-11-18,202.25189208984375,64.88999938964844
2025-11-19,202.6209716796875,63.5099983215332
2025-11-20,198.2718963623047,63.380001068115234
2025-11-21,197.73324584960938,62.560001373291016
2025-11-24,200.1870880126953,63.369998931884766
2025-11-25,201.8927764892578,62.47999954223633
2025-11-26,203.1895294189453,63.130001068115234
2025-11-28,204.58602905273438,63.20000076293945
2025-12-01,198.74072265625,63.16999816894531
2025-12-02,200.80552673339844,62.45000076293945
2025-12-03,201.11474609375,62.66999816894531
2025-12-04,204.1571044921875,63.2599983215332
2025-12-05,201.90277099609375,63.75
2025-12-08,203.83790588378906,62.4900016784668
2025-12-09,202.1222381591797,61.939998626708984
2025-12-10,203.92767333984375,62.209999084472656
2025-12-11,207.74807739257812,61.279998779296875
2025-12-12,208.88523864746094,61.119998931884766
2025-12-15,209.11463928222656,60.560001373291016
2025-12-16,207.4288787841797,58.91999816894531
2025-12-17,204.2867889404297,59.68000030517578
2025-12-18,207.72813415527344,59.81999969482422
2025-12-19,213.37396240234375,60.470001220703125
2025-12-22,218.81028747558594,62.06999969482422
2025-12-23,219.13946533203125,62.380001068115234
2025-12-24,219.64817810058594,62.2400016784668
2025-12-26,217.52354431152344,60.63999938964844
2025-12-29,216.45620727539062,61.939998626708984
2025-12-30,215.7978515625,61.91999816894531
2025-12-31,214.15199279785156,60.849998474121094
2026-01-02,221.45364379882812,60.75
2026-01-05,225.91244506835938,61.7599983215332
2026-01-06,229.63311767578125,60.70000076293945
2026-01-07,225.84263610839844,59.959999084472656
2026-01-08,226.86004638671875,61.9900016784668
2026-01-09,232.3861846923828,63.34000015258789
2026-01-12,235.95721435546875,63.869998931884766
2026-01-13,236.94473266601562,65.47000122070312
2026-01-14,238.5606689453125,66.5199966430664
2026-01-15,240.6055450439453,63.7599983215332
2026-01-16,243.15911865234375,64.12999725341797
2026-01-20,237.30381774902344,64.91999816894531
2026-01-21,239.6678924560547,65.23999786376953
2026-01-22,235.2290496826172,64.05999755859375
2026-01-23,234.48092651367188,65.87999725341797
2026-01-26,232.79515075683594,65.58999633789062
2026-01-27,236.42605590820312,67.56999969482422
2026-01-28,233.10438537597656,68.4000015258789
2026-01-29,232.1966552734375,70.70999908447266
2026-01-30,231.79766845703125,70.69000244140625
2026-02-02,230.5807342529297,66.30000305175781
2026-02-03,233.90237426757812,67.33000183105469
2026-02-04,227.4286346435547,69.45999908447266
2026-02-05,225.61318969726562,67.55000305175781
2026-02-06,233.34378051757812,68.05000305175781
2026-02-09,234.25149536132812,69.04000091552734
2026-02-10,232.62559509277344,68.80000305175781
2026-02-11,230.3712615966797,69.4000015258789
2026-02-12,231.94729614257812,67.5199966430664
2026-02-13,234.28140258789062,67.75
2026-02-17,237.57315063476562,67.41999816894531
2026-02-18,239.7177734375,70.3499984741211
2026-02-19,242.87982177734375,71.66000366210938
2026-02-20,243.03941345214844,71.76000213623047
2026-02-23,240.65541076660156,71.48999786376953
2026-02-24,242.5007781982422,70.7699966430664
2026-02-25,240.61549377441406,70.8499984741211
2026-02-26,242.2115020751953,70.75
2026-02-27,243.1092529296875,72.4800033569336
2026-03-02,249.95205688476562,77.73999786376953
2026-03-03,244.3660888671875,81.4000015258789
2026-03-04,246.35110473632812,81.4000015258789
2026-03-05,239.4384765625,85.41000366210938
2026-03-06,241.59304809570312,92.69000244140625
2026-03-09,241.3835906982422,98.95999908447266
2026-03-10,239.1192626953125,87.80000305175781
2026-03-11,238.0818634033203,91.9800033569336
2026-03-12,230.909912109375,100.45999908447266
2026-03-13,228.76528930664062,103.13999938964844
2026-03-16,232.22659301757812,100.20999908447266
2026-03-17,232.46713256835938,103.41999816894531
2026-03-18,230.9998779296875,107.37999725341797
2026-03-19,226.8975067138672,108.6500015258789
2026-03-20,222.14634704589844,112.19000244140625
2026-03-23,222.9348907470703,99.94000244140625
2026-03-24,222.22621154785156,104.48999786376953
2026-03-25,225.4402313232422,102.22000122070312
2026-03-26,219.71087646484375,108.01000213623047
2026-03-27,215.6384735107422,112.56999969482422
2026-03-30,210.39822387695312,112.77999877929688
2026-03-31,218.3434295654297,118.3499984741211
2026-04-01,223.22434997558594,101.16000366210938
2026-04-02,221.49757385253906,109.02999877929688
2026-04-06,224.7814483642578,109.7699966430664
2026-04-07,222.88497924804688,109.2699966430664
2026-04-08,231.73851013183594,94.75
2026-04-09,231.32925415039062,95.91999816894531
2026-04-10,229.21319580078125,95.19999694824219
2026-04-13,232.37730407714844,99.36000061035156
2026-04-14,234.992431640625,94.79000091552734
2026-04-15,233.56509399414062,94.93000030517578
2026-04-16,228.60433959960938,99.38999938964844
2026-04-17,231.50892639160156,90.37999725341797
2026-04-20,231.41909790039062,95.4800033569336
2026-04-21,222.6753692626953,98.4800033569336
2026-04-22,218.74269104003906,101.91000366210938
2026-04-23,218.70277404785156,105.06999969482422
2026-04-24,215.39892578125,105.33000183105469
2026-04-27,215.6384735107422,108.2300033569336
2026-04-28,215.80816650390625,111.26000213623047
2026-04-29,212.74386596679688,118.02999877929688
2026-04-30,218.15379333496094,114.01000213623047
2026-05-01,215.8680419921875,108.16999816894531
2026-05-04,213.93165588378906,114.44000244140625
2026-05-05,214.9697265625,109.87000274658203
2026-05-06,223.0047607421875,101.2699966430664
2026-05-07,222.09645080566406,100.05999755859375
2026-05-08,223.07464599609375,101.29000091552734
2026-05-11,225.5699920654297,104.20999908447266
2026-05-12,224.97109985351562,107.7699966430664
2026-05-13,225.29052734375,105.62999725341797
2026-05-14,224.04283142089844,105.72000122070312
2026-05-15,216.8662109375,109.26000213623047
2026-05-18,219.8206787109375,112.0999984741211
2026-05-19,217.91424560546875,111.27999877929688
2026-05-20,222.86502075195312,105.0199966430664
2026-05-21,222.73526000976562,102.58000183105469
2026-05-22,224.9511260986328,103.54000091552734
2026-05-26,229.06349182128906,99.58000183105469
2026-05-27,230.0516357421875,94.29000091552734
2026-05-28,235.13218688964844,93.70999908447266
2026-05-29,235.00242614746094,92.05000305175781
2026-06-01,229.48269653320312,94.9800033569336
2026-06-02,227.9056396484375,96.0
2026-06-03,224.47203063964844,97.80999755859375
2026-06-04,231.13961791992188,95.02999877929688
2026-06-05,229.0235595703125,93.08999633789062
2026-06-08,226.83761596679688,94.25
2026-06-09,230.02169799804688,91.44999694824219
2026-06-10,224.45205688476562,93.0999984741211
2026-06-11,235.60130310058594,90.37999725341797
2026-06-12,233.35548400878906,87.33000183105469
2026-06-15,237.12510681152344,83.16999816894531
2026-06-16,239.24267578125,78.95999908447266
2026-06-17,242.5088653564453,79.55000305175781
2026-06-18,238.71328735351562,79.8499984741211
2026-06-22,235.2373046875,77.9000015258789
2026-06-23,235.6568145751953,77.08000183105469
2026-06-24,235.91651916503906,73.73999786376953
2026-06-25,237.1051483154297,75.26000213623047
2026-06-26,236.50582885742188,71.98999786376953
2026-06-29,238.85311889648438,73.1500015258789
2026-06-30,242.13929748535156,72.91999816894531
2026-07-01,243.57763671875,71.56999969482422
2026-07-02,247.9026336669922,71.80000305175781
2026-07-06,250.4896240234375,71.98999786376953
2026-07-07,244.82618713378906,74.16000366210938
2026-07-08,239.3525390625,78.0199966430664
2026-07-09,239.34254455566406,76.30000305175781
2026-07-10,238.78318786621094,76.01000213623047
2026-07-13,234.77784729003906,83.30000305175781
2026-07-14,234.99758911132812,84.7300033569336
2026-07-15,236.14625549316406,84.94999694824219
2026-07-16,230.62265014648438,84.2300033569336
2026-07-17,230.4628448486328,88.0999984741211
2026-07-20,229.00453186035156,89.22000122070312
2026-07-21,229.4739990234375,91.01000213623047
2026-07-22,230.8424072265625,94.06999969482422
2026-07-23,237.9541473388672,100.69000244140625
2026-07-24,239.86195373535156,96.77999877929688
2026-07-27,243.62757873535156,88.36000061035156
2026-07-28,244.6963348388672,84.08999633789062
2026-07-29,235.98643493652344,90.73999786376953
2026-07-30,237.85427856445312,89.02999877929688
2026-07-31,239.38250732421875,90.12000274658203
2026-08-03,245.79507446289062,83.7699966430664
2026-08-04,250.35977172851562,79.36000061035156
2026-08-05,251.98788452148438,79.44999694824219
2026-08-06,249.70054626464844,82.48999786376953
2026-08-07,250.45965576171875,83.55000305175781
2026-08-10,250.8392333984375,87.72000122070312
2026-08-11,251.6083221435547,88.91000366210938
2026-08-12,251.32864379882812,88.9800033569336
2026-08-13,249.40089416503906,87.06999969482422
2026-08-14,252.9268035888672,88.5199966430664
2026-08-17,250.9091339111328,90.87000274658203
2026-08-18,251.86802673339844,91.0199966430664
2026-08-19,245.86497497558594,91.62000274658203
2026-08-20,237.28492736816406,93.77999877929688
2026-08-21,237.065185546875,94.38999938964844
2026-08-24,233.12974548339844,92.16999816894531
2026-08-25,234.02871704101562,88.58000183105469
2026-08-26,236.10630798339844,87.83999633789062
2026-08-27,233.98875427246094,89.69999694824219
2026-08-28,232.55043029785156,89.30999755859375
2026-08-31,228.08560180664062,90.48999786376953
2026-09-01,225.19894409179688,94.6500015258789
2026-09-02,223.11135864257812,95.62999725341797
2026-09-03,225.7183380126953,95.5199966430664
2026-09-04,225.34877014160156,96.27999877929688
2026-09-08,223.27117919921875,97.91999816894531
2026-09-09,219.19590759277344,101.20999908447266
2026-09-10,218.0672149658203,107.62999725341797
2026-09-11,218.75640869140625,104.61000061035156
2026-09-14,216.51901245117188,105.68000030517578
2026-09-15,214.0,108.75
2026-09-16,215.27000427246094,105.83000183105469
2026-09-17,213.8800048828125,104.81999969482422
2026-09-18,213.83999633789062,103.87000274658203
2026-09-21,216.13999938964844,100.33999633789062
2026-09-22,214.0,99.25
2026-09-23,213.9199981689453,103.08000183105469
2026-09-24,212.75999450683594,106.5999984741211
2026-09-25,213.80999755859375,104.31999969482422
2026-09-28,209.25999450683594,105.27999877929688
2026-09-29,209.3000030517578,102.58999633789062
2026-09-30,207.17999267578125,103.52999877929688
2026-10-01,208.0399932861328,102.30999755859375
2026-10-02,207.7899932861328,102.25
2026-10-05,206.97999572753906,100.31999969482422
2026-10-06,208.25999450683594,100.58000183105469
